2025-03-08 11:10:58,924 - INFO - Starting Flask app...
2025-03-08 11:10:58,993 - INFO - [31m[1mWARNING: This is a development server. Do not use it in a production deployment. Use a production WSGI server instead.[0m
 * Running on http://127.0.0.1:5000
2025-03-08 11:10:58,993 - INFO - [33mPress CTRL+C to quit[0m
2025-03-08 11:10:59,001 - INFO -  * Restarting with stat
2025-03-08 11:11:00,172 - INFO - Starting Flask app...
2025-03-08 11:11:00,191 - WARNING -  * Debugger is active!
2025-03-08 11:11:00,192 - INFO -  * Debugger PIN: 140-385-311
2025-03-08 11:24:14,951 - INFO - Extracting healthcare report for UID: 93hEXkNFo7OaKFVkSvR1
2025-03-08 11:24:14,952 - INFO - Uploading healthcare report...
2025-03-08 11:24:14,952 - INFO - File saved at: /tmp/70pcc59.png
2025-03-08 11:24:48,302 - INFO - File uploaded successfully: genai.File({
    'name': 'files/rmqf0znjeiij',
    'display_name': '70pcc59.png',
    'mime_type': 'image/png',
    'sha256_hash': 'OGM5OGVlNzQzNmNiMjg2MjJhMTkwMjcxOGQwNWExYzhjOGNjNjVjMmFjODkzMzc4YWQwOTliMDlkMjE0ZWEzZg==',
    'size_bytes': '112625',
    'state': 'ACTIVE',
    'uri': 'https://generativelanguage.googleapis.com/v1beta/files/rmqf0znjeiij',
    'create_time': '2025-03-08T05:54:46.685931Z',
    'expiration_time': '2025-03-10T05:54:46.668479917Z',
    'update_time': '2025-03-08T05:54:46.685931Z'})
2025-03-08 11:24:48,302 - INFO - AI model initialized successfully.
2025-03-08 11:24:48,302 - INFO - Sending prompt to AI model: Extract healthcare data as key-value pairs. Ensure the output is a JSON object.
2025-03-08 11:24:55,470 - INFO - Raw Healthcare Data: ```json
{
  "Health Information Summary": {
    "Patient Name": "Pebbles Flintstone",
    "DOB": "09/21/05",
    "Sex": "Female",
    "PCC Number": "3336",
    "Date of Last Physical": "09/29/2014",
    "Address": {
      "Name": "Wilma Flintstone",
      "Street": "15 Quarry Lane",
      "City": "Winooski",
      "State": "VT",
      "Zip": "05404"
    },
    "Phone Numbers": {
      "Home": "802-555-0194",
      "Work": "802-555-0197",
      "Cell": "802-555-0161",
      "Emergency": "802-555-0168"
    },
    "Problems": [
      {
        "Problem": "Asthma Mild Persist",
        "Onset Date": null,
        "Status": "Active"
      },
      {
        "Problem": "Obesity Exogenous",
        "Onset Date": null,
        "Status": "Active"
      },
      {
        "Problem": "Urinary Tract Infection",
        "Onset Date": null,
        "Status": "Resolved"
      }
    ],
    "Allergies": [
      {
        "Allergy": "Cat Hair",
        "Onset Date": null,
        "Reaction": null,
        "Status": "Active"
      }
    ],
    "Immunization History": {
      "DTaP": ["12/26/05", "03/04/06", "04/03/06", "03/26/07", "09/28/10"],
      "Hepatitis B": ["10/30/05", "12/26/05", "03/04/06", "04/03/06"],
      "HIB Unspec": ["12/26/05", "03/04/06", "04/03/06", "12/25/06"],
      "Influenza": ["09/29/08", "08/02/14", "10/13/15"],
      "IPV": ["12/26/05", "03/04/06", "03/26/07", "09/28/10"],
      "MMR": ["12/25/06", "10/23/08"]
    }
  }
}
```
2025-03-08 11:24:55,471 - ERROR - Failed to parse healthcare data as JSON.
2025-03-08 11:24:55,471 - INFO - Deleted temp file: /tmp/70pcc59.png
2025-03-08 11:24:55,473 - INFO - 127.0.0.1 - - [08/Mar/2025 11:24:55] "[31m[1mPOST /upload_healthcare_report HTTP/1.1[0m" 400 -
2025-03-08 11:32:48,522 - INFO - Starting Flask app...
2025-03-08 11:32:48,550 - INFO - [31m[1mWARNING: This is a development server. Do not use it in a production deployment. Use a production WSGI server instead.[0m
 * Running on http://127.0.0.1:5000
2025-03-08 11:32:48,550 - INFO - [33mPress CTRL+C to quit[0m
2025-03-08 11:32:48,552 - INFO -  * Restarting with stat
2025-03-08 11:32:49,980 - INFO - Starting Flask app...
2025-03-08 11:32:50,000 - WARNING -  * Debugger is active!
2025-03-08 11:32:50,001 - INFO -  * Debugger PIN: 141-246-356
2025-03-08 11:33:00,074 - INFO - Extracting healthcare report for UID: 93hEXkNFo7OaKFVkSvR1
2025-03-08 11:33:00,075 - INFO - Uploading healthcare report...
2025-03-08 11:33:00,075 - INFO - File saved at: /tmp/70pcc59.png
2025-03-08 11:33:36,172 - INFO - File uploaded successfully: genai.File({
    'name': 'files/zrvn6c60k825',
    'display_name': '70pcc59.png',
    'mime_type': 'image/png',
    'sha256_hash': 'OGM5OGVlNzQzNmNiMjg2MjJhMTkwMjcxOGQwNWExYzhjOGNjNjVjMmFjODkzMzc4YWQwOTliMDlkMjE0ZWEzZg==',
    'size_bytes': '112625',
    'state': 'ACTIVE',
    'uri': 'https://generativelanguage.googleapis.com/v1beta/files/zrvn6c60k825',
    'create_time': '2025-03-08T06:03:34.798632Z',
    'expiration_time': '2025-03-10T06:03:34.787536565Z',
    'update_time': '2025-03-08T06:03:34.798632Z'})
2025-03-08 11:33:36,173 - INFO - AI model initialized successfully.
2025-03-08 11:33:36,173 - INFO - Sending prompt to AI model: Extract healthcare data as key-value pairs. Ensure the output is a JSON object.
2025-03-08 11:33:42,117 - INFO - Raw Healthcare Data: ```json
{
  "Patient Name": "Pebbles Flintstone",
  "Date of Birth": "09/21/05",
  "Sex": "Female",
  "PCC Number": "3336",
  "Date of Last Physical": "09/29/2014",
  "Address": "15 Quarry Lane\nWinooski, VT 05404",
  "Home Phone": "802-555-0194",
  "Work Phone": "802-555-0197",
  "Cell Phone": "802-555-0161",
  "Emergency Phone": "802-555-0168",
  "Problems": [
    {
      "Problem": "Asthma Mild Persist",
      "Onset Date": null,
      "Status": "Active"
    },
    {
      "Problem": "Obesity Exogenous",
      "Onset Date": null,
      "Status": "Active"
    },
    {
      "Problem": "Urinary Tract Infection",
      "Onset Date": null,
      "Status": "Resolved"
    }
  ],
  "Allergies": [
    {
      "Allergy": "Cat Hair",
      "Onset Date": null,
      "Reaction": null,
      "Status": "Active"
    }
  ],
  "Immunization History": {
    "DTaP": [
      "12/26/05",
      "03/04/06",
      "04/03/06",
      "03/26/07",
      "09/28/10"
    ],
    "Hepatitis B": [
      "10/30/05",
      "12/26/05",
      "03/04/06",
      "04/03/06"
    ],
    "HIB Unspec": [
      "12/26/05",
      "03/04/06",
      "04/03/06",
      "12/25/06"
    ],
    "Influenza": [
      "09/29/08",
      "08/02/14",
      "10/13/15"
    ],
    "IPV": [
      "12/26/05",
      "03/04/06",
      "03/26/07",
      "09/28/10"
    ],
    "MMR": [
      "12/25/06",
      "10/23/08"
    ]
  }
}
```
2025-03-08 11:33:42,118 - ERROR - Failed to parse healthcare data as JSON: Expecting value: line 1 column 1 (char 0)
2025-03-08 11:33:42,118 - INFO - Deleted temp file: /tmp/70pcc59.png
2025-03-08 11:33:42,120 - INFO - 127.0.0.1 - - [08/Mar/2025 11:33:42] "[31m[1mPOST /upload_healthcare_report HTTP/1.1[0m" 400 -
2025-03-08 11:37:22,252 - INFO -  * Detected change in '/home/swamyaranjan/Documents/diet-analysis/extract.py', reloading
2025-03-08 11:37:22,452 - INFO -  * Restarting with stat
2025-03-08 11:37:23,586 - INFO - Starting Flask app...
2025-03-08 11:37:23,608 - WARNING -  * Debugger is active!
2025-03-08 11:37:23,609 - INFO -  * Debugger PIN: 788-846-211
2025-03-08 11:37:42,271 - INFO - Extracting healthcare report for UID: 93hEXkNFo7OaKFVkSvR1
2025-03-08 11:37:42,271 - INFO - Uploading healthcare report...
2025-03-08 11:37:42,271 - INFO - File saved at: /tmp/70pcc59.png
2025-03-08 11:38:21,262 - INFO - File uploaded successfully: genai.File({
    'name': 'files/tsz9ixm5fz9n',
    'display_name': '70pcc59.png',
    'mime_type': 'image/png',
    'sha256_hash': 'OGM5OGVlNzQzNmNiMjg2MjJhMTkwMjcxOGQwNWExYzhjOGNjNjVjMmFjODkzMzc4YWQwOTliMDlkMjE0ZWEzZg==',
    'size_bytes': '112625',
    'state': 'ACTIVE',
    'uri': 'https://generativelanguage.googleapis.com/v1beta/files/tsz9ixm5fz9n',
    'create_time': '2025-03-08T06:08:18.469812Z',
    'expiration_time': '2025-03-10T06:08:18.458414861Z',
    'update_time': '2025-03-08T06:08:18.469812Z'})
2025-03-08 11:38:21,262 - INFO - AI model initialized successfully.
2025-03-08 11:38:21,262 - INFO - Sending prompt to AI model: Extract healthcare data as key-value pairs. Ensure the output is a JSON object.
2025-03-08 11:38:28,533 - INFO - Raw Healthcare Data: ```json
{
  "Health Information Summary": {
    "Patient Name": "Pebbles Flintstone",
    "Date of Birth": "09/21/05",
    "Sex": "Female",
    "PCC Number": "3336",
    "Date of Last Physical": "09/29/2014",
    "Address": {
      "Name": "Wilma Flintstone",
      "Street": "15 Quarry Lane",
      "City": "Winooski",
      "State": "VT",
      "Zip Code": "05404"
    },
    "Phone Numbers": {
      "Home": "802-555-0194",
      "Work": "802-555-0197",
      "Cell": "802-555-0161",
      "Emergency": "802-555-0168"
    },
    "Problems": [
      {
        "Problem": "Asthma Mild Persist",
        "Onset Date": null,
        "Status": "Active"
      },
      {
        "Problem": "Obesity Exogenous",
        "Onset Date": null,
        "Status": "Active"
      },
      {
        "Problem": "Urinary Tract Infection",
        "Onset Date": null,
        "Status": "Resolved"
      }
    ],
    "Allergies": [
      {
        "Allergy": "Cat Hair",
        "Onset Date": null,
        "Reaction": null,
        "Status": "Active"
      }
    ],
    "Immunization History": {
      "DTaP": ["12/26/05", "03/04/06", "04/03/06", "03/26/07", "09/28/10"],
      "Hepatitis B": ["10/30/05", "12/26/05", "03/04/06", "04/03/06"],
      "HIB Unspec": ["12/26/05", "03/04/06", "04/03/06", "12/25/06"],
      "Influenza": ["09/29/08", "08/02/14", "10/13/15"],
      "IPV": ["12/26/05", "03/04/06", "03/26/07", "09/28/10"],
      "MMR": ["12/25/06", "10/23/08"]
    }
  }
}
```
2025-03-08 11:38:28,534 - INFO - Processed Healthcare Data: {'Health Information Summary': {'Patient Name': 'Pebbles Flintstone', 'Date of Birth': '09/21/05', 'Sex': 'Female', 'PCC Number': '3336', 'Date of Last Physical': '09/29/2014', 'Address': {'Name': 'Wilma Flintstone', 'Street': '15 Quarry Lane', 'City': 'Winooski', 'State': 'VT', 'Zip Code': '05404'}, 'Phone Numbers': {'Home': '802-555-0194', 'Work': '802-555-0197', 'Cell': '802-555-0161', 'Emergency': '802-555-0168'}, 'Problems': [{'Problem': 'Asthma Mild Persist', 'Onset Date': None, 'Status': 'Active'}, {'Problem': 'Obesity Exogenous', 'Onset Date': None, 'Status': 'Active'}, {'Problem': 'Urinary Tract Infection', 'Onset Date': None, 'Status': 'Resolved'}], 'Allergies': [{'Allergy': 'Cat Hair', 'Onset Date': None, 'Reaction': None, 'Status': 'Active'}], 'Immunization History': {'DTaP': ['12/26/05', '03/04/06', '04/03/06', '03/26/07', '09/28/10'], 'Hepatitis B': ['10/30/05', '12/26/05', '03/04/06', '04/03/06'], 'HIB Unspec': ['12/26/05', '03/04/06', '04/03/06', '12/25/06'], 'Influenza': ['09/29/08', '08/02/14', '10/13/15'], 'IPV': ['12/26/05', '03/04/06', '03/26/07', '09/28/10'], 'MMR': ['12/25/06', '10/23/08']}}}
2025-03-08 11:38:28,534 - INFO - Deleted temp file: /tmp/70pcc59.png
2025-03-08 11:38:28,535 - INFO - Extracted Healthcare Data: {'Health Information Summary': {'Patient Name': 'Pebbles Flintstone', 'Date of Birth': '09/21/05', 'Sex': 'Female', 'PCC Number': '3336', 'Date of Last Physical': '09/29/2014', 'Address': {'Name': 'Wilma Flintstone', 'Street': '15 Quarry Lane', 'City': 'Winooski', 'State': 'VT', 'Zip Code': '05404'}, 'Phone Numbers': {'Home': '802-555-0194', 'Work': '802-555-0197', 'Cell': '802-555-0161', 'Emergency': '802-555-0168'}, 'Problems': [{'Problem': 'Asthma Mild Persist', 'Onset Date': None, 'Status': 'Active'}, {'Problem': 'Obesity Exogenous', 'Onset Date': None, 'Status': 'Active'}, {'Problem': 'Urinary Tract Infection', 'Onset Date': None, 'Status': 'Resolved'}], 'Allergies': [{'Allergy': 'Cat Hair', 'Onset Date': None, 'Reaction': None, 'Status': 'Active'}], 'Immunization History': {'DTaP': ['12/26/05', '03/04/06', '04/03/06', '03/26/07', '09/28/10'], 'Hepatitis B': ['10/30/05', '12/26/05', '03/04/06', '04/03/06'], 'HIB Unspec': ['12/26/05', '03/04/06', '04/03/06', '12/25/06'], 'Influenza': ['09/29/08', '08/02/14', '10/13/15'], 'IPV': ['12/26/05', '03/04/06', '03/26/07', '09/28/10'], 'MMR': ['12/25/06', '10/23/08']}}}
2025-03-08 11:38:42,358 - INFO - 127.0.0.1 - - [08/Mar/2025 11:38:42] "POST /upload_healthcare_report HTTP/1.1" 200 -
2025-03-08 11:55:47,636 - INFO - Received request to analyze product.
2025-03-08 11:55:47,640 - INFO - Request details - UID: 93hEXkNFo7OaKFVkSvR1, File: sev.webp
2025-03-08 11:55:47,641 - INFO - Fetching healthcare data for UID: 93hEXkNFo7OaKFVkSvR1
2025-03-08 11:55:48,515 - INFO - Healthcare data fetched for UID 93hEXkNFo7OaKFVkSvR1: {'created_at': '2025-03-08T03:27:19.335000+00:00', 'age': 30, 'height': 180, 'weight': 75, 'diseases': ['Diabetes'], 'allergies': ['peanuts', 'pollen'], 'extracted_health_data': {'Health Information Summary': {'PCC Number': '3336', 'Date of Birth': '09/21/05', 'Address': {'Street': '15 Quarry Lane', 'Name': 'Wilma Flintstone', 'Zip Code': '05404', 'State': 'VT', 'City': 'Winooski'}, 'Date of Last Physical': '09/29/2014', 'Problems': [{'Problem': 'Asthma Mild Persist', 'Onset Date': None, 'Status': 'Active'}, {'Problem': 'Obesity Exogenous', 'Onset Date': None, 'Status': 'Active'}, {'Problem': 'Urinary Tract Infection', 'Onset Date': None, 'Status': 'Resolved'}], 'Sex': 'Female', 'Allergies': [{'Allergy': 'Cat Hair', 'Onset Date': None, 'Status': 'Active', 'Reaction': None}], 'Patient Name': 'Pebbles Flintstone', 'Immunization History': {'Influenza': ['09/29/08', '08/02/14', '10/13/15'], 'Hepatitis B': ['10/30/05', '12/26/05', '03/04/06', '04/03/06'], 'DTaP': ['12/26/05', '03/04/06', '04/03/06', '03/26/07', '09/28/10'], 'HIB Unspec': ['12/26/05', '03/04/06', '04/03/06', '12/25/06'], 'MMR': ['12/25/06', '10/23/08'], 'IPV': ['12/26/05', '03/04/06', '03/26/07', '09/28/10']}, 'Phone Numbers': {'Cell': '802-555-0161', 'Home': '802-555-0194', 'Work': '802-555-0197', 'Emergency': '802-555-0168'}}}, 'gender': '', 'updated_at': '2025-03-08T03:29:00.629000+00:00', 'name': ''}
2025-03-08 11:55:48,515 - INFO - Extracting ingredients from the file...
2025-03-08 11:55:48,515 - INFO - Uploading ingredient image...
2025-03-08 11:55:48,516 - INFO - File saved at: /tmp/sev.webp
2025-03-08 11:56:20,360 - INFO - File uploaded successfully: genai.File({
    'name': 'files/q0ppdywg1ltn',
    'display_name': 'sev.webp',
    'mime_type': 'image/webp',
    'sha256_hash': 'ZWIwMzgxNzgxZjEwMjNmMDc3ZTdkMDcyZGNkOTdiMGRhNTNiNjJkNjYzMjExNjg0ODc0YmU5N2Y2NGVlMzE2ZA==',
    'size_bytes': '280970',
    'state': 'ACTIVE',
    'uri': 'https://generativelanguage.googleapis.com/v1beta/files/q0ppdywg1ltn',
    'create_time': '2025-03-08T06:26:17.534005Z',
    'expiration_time': '2025-03-10T06:26:17.521578149Z',
    'update_time': '2025-03-08T06:26:17.534005Z'})
2025-03-08 11:56:20,360 - INFO - AI model initialized successfully.
2025-03-08 11:56:20,360 - INFO - Sending prompt to AI model: Extract ingredients as a list. Ensure the output is a comma-separated list of ingredients.
2025-03-08 11:56:23,738 - INFO - Raw Ingredients Data: Chick Peas Flour, Edible Vegetable Oil, Ajwain, Cumin, Black Pepper, Clove, Salt, Red Chilli, Turmeric, Cardamom, Dry Ginger Powder, Nutmeg, Bay Leaves
2025-03-08 11:56:23,738 - INFO - Processed Ingredients: ['Chick Peas Flour', 'Edible Vegetable Oil', 'Ajwain', 'Cumin', 'Black Pepper', 'Clove', 'Salt', 'Red Chilli', 'Turmeric', 'Cardamom', 'Dry Ginger Powder', 'Nutmeg', 'Bay Leaves']
2025-03-08 11:56:23,739 - INFO - Deleted temp file: /tmp/sev.webp
2025-03-08 11:56:23,739 - INFO - Ingredients extracted: ['Chick Peas Flour', 'Edible Vegetable Oil', 'Ajwain', 'Cumin', 'Black Pepper', 'Clove', 'Salt', 'Red Chilli', 'Turmeric', 'Cardamom', 'Dry Ginger Powder', 'Nutmeg', 'Bay Leaves']
2025-03-08 11:56:23,739 - INFO - Performing AI analysis...
2025-03-08 11:56:29,307 - INFO - Analysis completed for UID 93hEXkNFo7OaKFVkSvR1.
2025-03-08 11:56:29,474 - INFO - 127.0.0.1 - - [08/Mar/2025 11:56:29] "POST /analyze HTTP/1.1" 200 -
2025-03-08 12:13:01,401 - INFO -  * Detected change in '/home/swamyaranjan/Documents/diet-analysis/dietician.py', reloading
2025-03-08 12:13:03,645 - INFO -  * Restarting with stat
2025-03-08 12:13:04,763 - INFO - Starting Flask app...
2025-03-08 12:13:04,783 - WARNING -  * Debugger is active!
2025-03-08 12:13:04,784 - INFO -  * Debugger PIN: 764-289-795
2025-03-08 12:13:30,641 - INFO - Received request to analyze product.
2025-03-08 12:13:30,646 - INFO - Request details - UID: 93hEXkNFo7OaKFVkSvR1, File: sev.webp
2025-03-08 12:13:30,646 - INFO - Fetching healthcare data for UID: 93hEXkNFo7OaKFVkSvR1
2025-03-08 12:13:44,336 - INFO - Healthcare data fetched for UID 93hEXkNFo7OaKFVkSvR1: {'created_at': '2025-03-08T03:27:19.335000+00:00', 'age': 30, 'height': 180, 'weight': 75, 'diseases': ['Diabetes'], 'allergies': ['peanuts', 'pollen'], 'extracted_health_data': {'Health Information Summary': {'PCC Number': '3336', 'Date of Birth': '09/21/05', 'Address': {'Street': '15 Quarry Lane', 'Name': 'Wilma Flintstone', 'Zip Code': '05404', 'State': 'VT', 'City': 'Winooski'}, 'Date of Last Physical': '09/29/2014', 'Problems': [{'Problem': 'Asthma Mild Persist', 'Onset Date': None, 'Status': 'Active'}, {'Problem': 'Obesity Exogenous', 'Onset Date': None, 'Status': 'Active'}, {'Problem': 'Urinary Tract Infection', 'Onset Date': None, 'Status': 'Resolved'}], 'Sex': 'Female', 'Allergies': [{'Allergy': 'Cat Hair', 'Onset Date': None, 'Status': 'Active', 'Reaction': None}], 'Patient Name': 'Pebbles Flintstone', 'Immunization History': {'Influenza': ['09/29/08', '08/02/14', '10/13/15'], 'Hepatitis B': ['10/30/05', '12/26/05', '03/04/06', '04/03/06'], 'DTaP': ['12/26/05', '03/04/06', '04/03/06', '03/26/07', '09/28/10'], 'HIB Unspec': ['12/26/05', '03/04/06', '04/03/06', '12/25/06'], 'MMR': ['12/25/06', '10/23/08'], 'IPV': ['12/26/05', '03/04/06', '03/26/07', '09/28/10']}, 'Phone Numbers': {'Cell': '802-555-0161', 'Home': '802-555-0194', 'Work': '802-555-0197', 'Emergency': '802-555-0168'}}}, 'gender': '', 'updated_at': '2025-03-08T03:29:00.629000+00:00', 'name': ''}
2025-03-08 12:13:44,337 - INFO - Extracting ingredients from the file...
2025-03-08 12:13:44,337 - INFO - Uploading ingredient image...
2025-03-08 12:13:44,338 - INFO - File saved at: /tmp/sev.webp
2025-03-08 12:14:13,360 - INFO - File uploaded successfully: genai.File({
    'name': 'files/ajoptgkgoap8',
    'display_name': 'sev.webp',
    'mime_type': 'image/webp',
    'sha256_hash': 'ZWIwMzgxNzgxZjEwMjNmMDc3ZTdkMDcyZGNkOTdiMGRhNTNiNjJkNjYzMjExNjg0ODc0YmU5N2Y2NGVlMzE2ZA==',
    'size_bytes': '280970',
    'state': 'ACTIVE',
    'uri': 'https://generativelanguage.googleapis.com/v1beta/files/ajoptgkgoap8',
    'create_time': '2025-03-08T06:44:11.652381Z',
    'expiration_time': '2025-03-10T06:44:11.647932778Z',
    'update_time': '2025-03-08T06:44:11.652381Z'})
2025-03-08 12:14:13,360 - INFO - AI model initialized successfully.
2025-03-08 12:14:13,361 - INFO - Sending prompt to AI model: Extract ingredients as a list. Ensure the output is a comma-separated list of ingredients.
2025-03-08 12:14:15,567 - INFO - Raw Ingredients Data: Chick Peas Flour, Edible Vegetable Oil, Ajwain, Cumin, Black Pepper, Clove, Salt, Red Chilli, Turmeric, Cardamom, Dry Ginger Powder, Nutmeg, Bay Leaves
2025-03-08 12:14:15,567 - INFO - Processed Ingredients: ['Chick Peas Flour', 'Edible Vegetable Oil', 'Ajwain', 'Cumin', 'Black Pepper', 'Clove', 'Salt', 'Red Chilli', 'Turmeric', 'Cardamom', 'Dry Ginger Powder', 'Nutmeg', 'Bay Leaves']
2025-03-08 12:14:15,568 - INFO - Deleted temp file: /tmp/sev.webp
2025-03-08 12:14:15,568 - INFO - Ingredients extracted: ['Chick Peas Flour', 'Edible Vegetable Oil', 'Ajwain', 'Cumin', 'Black Pepper', 'Clove', 'Salt', 'Red Chilli', 'Turmeric', 'Cardamom', 'Dry Ginger Powder', 'Nutmeg', 'Bay Leaves']
2025-03-08 12:14:15,568 - INFO - Performing AI analysis...
2025-03-08 12:14:21,469 - INFO - Analysis completed for UID 93hEXkNFo7OaKFVkSvR1.
2025-03-08 12:14:21,544 - INFO - 127.0.0.1 - - [08/Mar/2025 12:14:21] "POST /analyze HTTP/1.1" 200 -
2025-03-08 19:56:44,160 - INFO - Starting Flask app...
2025-03-08 19:56:44,184 - INFO - [31m[1mWARNING: This is a development server. Do not use it in a production deployment. Use a production WSGI server instead.[0m
 * Running on http://127.0.0.1:5000
2025-03-08 19:56:44,185 - INFO - [33mPress CTRL+C to quit[0m
2025-03-08 19:56:44,186 - INFO -  * Restarting with stat
2025-03-08 19:56:45,567 - INFO - Starting Flask app...
2025-03-08 19:56:45,591 - WARNING -  * Debugger is active!
2025-03-08 19:56:45,592 - INFO -  * Debugger PIN: 995-485-170
2025-03-08 19:57:58,789 - INFO - 127.0.0.1 - - [08/Mar/2025 19:57:58] "[33mGET / HTTP/1.1[0m" 404 -
2025-03-08 19:57:58,837 - INFO - 127.0.0.1 - - [08/Mar/2025 19:57:58] "[33mGET /favicon.ico HTTP/1.1[0m" 404 -
2025-03-08 19:58:39,562 - INFO - Received request to analyze product.
2025-03-08 19:58:39,567 - INFO - Request details - UID: 93hEXkNFo7OaKFVkSvR1, File: sev.webp
2025-03-08 19:58:39,567 - INFO - Fetching healthcare data for UID: 93hEXkNFo7OaKFVkSvR1
2025-03-08 19:58:40,658 - INFO - Healthcare data fetched for UID 93hEXkNFo7OaKFVkSvR1: {'created_at': '2025-03-08T03:27:19.335000+00:00', 'age': 30, 'diseases': ['Diabetes'], 'allergies': [''], 'extracted_health_data': {'Health Information Summary': {'PCC Number': '3336', 'Date of Birth': '09/21/05', 'Address': {'Street': '15 Quarry Lane', 'Name': 'Wilma Flintstone', 'Zip Code': '05404', 'State': 'VT', 'City': 'Winooski'}, 'Date of Last Physical': '09/29/2014', 'Problems': [{'Problem': 'Asthma Mild Persist', 'Onset Date': None, 'Status': 'Active'}, {'Problem': 'Obesity Exogenous', 'Onset Date': None, 'Status': 'Active'}, {'Problem': 'Urinary Tract Infection', 'Onset Date': None, 'Status': 'Resolved'}], 'Sex': 'Female', 'Allergies': [{'Allergy': 'Cat Hair', 'Onset Date': None, 'Status': 'Active', 'Reaction': None}], 'Patient Name': 'Pebbles Flintstone', 'Immunization History': {'Influenza': ['09/29/08', '08/02/14', '10/13/15'], 'Hepatitis B': ['10/30/05', '12/26/05', '03/04/06', '04/03/06'], 'DTaP': ['12/26/05', '03/04/06', '04/03/06', '03/26/07', '09/28/10'], 'HIB Unspec': ['12/26/05', '03/04/06', '04/03/06', '12/25/06'], 'MMR': ['12/25/06', '10/23/08'], 'IPV': ['12/26/05', '03/04/06', '03/26/07', '09/28/10']}, 'Phone Numbers': {'Cell': '802-555-0161', 'Home': '802-555-0194', 'Work': '802-555-0197', 'Emergency': '802-555-0168'}}}, 'gender': '', 'updated_at': '2025-03-08T03:29:00.629000+00:00', 'email': '', 'name': ''}
2025-03-08 19:58:40,658 - INFO - Extracting ingredients from the file...
2025-03-08 19:58:40,658 - INFO - Uploading ingredient image...
2025-03-08 19:58:40,659 - INFO - File saved at: /tmp/sev.webp
2025-03-08 19:58:48,001 - INFO - File uploaded successfully: genai.File({
    'name': 'files/tkuil84zwczt',
    'display_name': 'sev.webp',
    'mime_type': 'image/webp',
    'sha256_hash': 'ZWIwMzgxNzgxZjEwMjNmMDc3ZTdkMDcyZGNkOTdiMGRhNTNiNjJkNjYzMjExNjg0ODc0YmU5N2Y2NGVlMzE2ZA==',
    'size_bytes': '280970',
    'state': 'ACTIVE',
    'uri': 'https://generativelanguage.googleapis.com/v1beta/files/tkuil84zwczt',
    'create_time': '2025-03-08T14:28:45.219562Z',
    'expiration_time': '2025-03-10T14:28:45.207791323Z',
    'update_time': '2025-03-08T14:28:45.219562Z'})
2025-03-08 19:58:48,001 - INFO - AI model initialized successfully.
2025-03-08 19:58:48,001 - INFO - Sending prompt to AI model: Extract ingredients as a list. Ensure the output is a comma-separated list of ingredients.
2025-03-08 19:58:49,857 - INFO - Raw Ingredients Data: Chick Peas Flour, Edible Vegetable Oil, Ajwain, Cumin, Black Pepper, Clove, Salt, Red Chilli, Turmeric, Cardamom, Dry Ginger Powder, Nutmeg, Bay Leaves
2025-03-08 19:58:49,858 - INFO - Processed Ingredients: ['Chick Peas Flour', 'Edible Vegetable Oil', 'Ajwain', 'Cumin', 'Black Pepper', 'Clove', 'Salt', 'Red Chilli', 'Turmeric', 'Cardamom', 'Dry Ginger Powder', 'Nutmeg', 'Bay Leaves']
2025-03-08 19:58:49,858 - INFO - Deleted temp file: /tmp/sev.webp
2025-03-08 19:58:49,859 - INFO - Ingredients extracted: ['Chick Peas Flour', 'Edible Vegetable Oil', 'Ajwain', 'Cumin', 'Black Pepper', 'Clove', 'Salt', 'Red Chilli', 'Turmeric', 'Cardamom', 'Dry Ginger Powder', 'Nutmeg', 'Bay Leaves']
2025-03-08 19:58:49,859 - INFO - Performing AI analysis...
2025-03-08 19:58:55,388 - INFO - Analysis completed for UID 93hEXkNFo7OaKFVkSvR1.
2025-03-08 19:58:55,533 - INFO - 127.0.0.1 - - [08/Mar/2025 19:58:55] "POST /analyze HTTP/1.1" 200 -
2025-03-10 09:29:08,605 - INFO - Starting Flask app...
2025-03-10 09:29:08,676 - INFO - [31m[1mWARNING: This is a development server. Do not use it in a production deployment. Use a production WSGI server instead.[0m
 * Running on http://127.0.0.1:5000
2025-03-10 09:29:08,677 - INFO - [33mPress CTRL+C to quit[0m
2025-03-10 09:29:08,678 - INFO -  * Restarting with stat
2025-03-10 09:29:10,013 - INFO - Starting Flask app...
2025-03-10 09:29:10,032 - WARNING -  * Debugger is active!
2025-03-10 09:29:10,041 - INFO -  * Debugger PIN: 105-713-657
2025-03-12 00:02:58,518 - INFO - [31m[1mWARNING: This is a development server. Do not use it in a production deployment. Use a production WSGI server instead.[0m
 * Running on all addresses (0.0.0.0)
 * Running on http://127.0.0.1:5000
 * Running on http://192.168.1.5:5000
2025-03-12 00:02:58,518 - INFO - [33mPress CTRL+C to quit[0m
2025-03-12 00:02:58,519 - INFO -  * Restarting with stat
2025-03-12 00:02:59,836 - WARNING -  * Debugger is active!
2025-03-12 00:02:59,837 - INFO -  * Debugger PIN: 123-970-241
2025-03-12 00:04:54,420 - INFO -  * Detected change in '/home/swamyaranjan/Documents/diet-analysis/app.py', reloading
2025-03-12 00:04:54,648 - INFO -  * Restarting with stat
2025-03-12 00:04:56,022 - WARNING -  * Debugger is active!
2025-03-12 00:04:56,023 - INFO -  * Debugger PIN: 935-289-905
2025-03-12 00:05:02,435 - INFO -  * Detected change in '/home/swamyaranjan/Documents/diet-analysis/app.py', reloading
2025-03-12 00:05:02,650 - INFO -  * Restarting with stat
2025-03-12 00:05:03,871 - WARNING -  * Debugger is active!
2025-03-12 00:05:03,872 - INFO -  * Debugger PIN: 296-272-053
2025-03-12 00:05:24,301 - INFO - Received Authorization Header: None
2025-03-12 00:05:24,301 - INFO - 127.0.0.1 - - [12/Mar/2025 00:05:24] "[31m[1mPOST /upload_healthcare_report HTTP/1.1[0m" 401 -
2025-03-12 00:10:31,876 - INFO - Received Authorization Header: Bearer test_token
2025-03-12 00:10:31,878 - ERROR - Token verification error: Wrong number of segments in token: b'test_token'
Traceback (most recent call last):
  File "/var/data/python/lib/python3.12/site-packages/firebase_admin/_token_gen.py", line 414, in _decode_unverified
    header = jwt.decode_header(token)
             ^^^^^^^^^^^^^^^^^^^^^^^^
  File "/var/data/python/lib/python3.12/site-packages/google/auth/jwt.py", line 184, in decode_header
    header, _, _, _ = _unverified_decode(token)
                      ^^^^^^^^^^^^^^^^^^^^^^^^^
  File "/var/data/python/lib/python3.12/site-packages/google/auth/jwt.py", line 146, in _unverified_decode
    raise exceptions.MalformedError(
google.auth.exceptions.MalformedError: Wrong number of segments in token: b'test_token'

During handling of the above exception, another exception occurred:

Traceback (most recent call last):
  File "/home/swamyaranjan/Documents/diet-analysis/app.py", line 86, in decorated
    decoded_token = auth.verify_id_token(id_token)
                    ^^^^^^^^^^^^^^^^^^^^^^^^^^^^^^
  File "/var/data/python/lib/python3.12/site-packages/firebase_admin/auth.py", line 225, in verify_id_token
    return client.verify_id_token(
           ^^^^^^^^^^^^^^^^^^^^^^^
  File "/var/data/python/lib/python3.12/site-packages/firebase_admin/_auth_client.py", line 129, in verify_id_token
    verified_claims = self._token_verifier.verify_id_token(id_token, clock_skew_seconds)
                      ^^^^^^^^^^^^^^^^^^^^^^^^^^^^^^^^^^^^^^^^^^^^^^^^^^^^^^^^^^^^^^^^^^
  File "/var/data/python/lib/python3.12/site-packages/firebase_admin/_token_gen.py", line 293, in verify_id_token
    return self.id_token_verifier.verify(id_token, self.request, clock_skew_seconds)
           ^^^^^^^^^^^^^^^^^^^^^^^^^^^^^^^^^^^^^^^^^^^^^^^^^^^^^^^^^^^^^^^^^^^^^^^^^
  File "/var/data/python/lib/python3.12/site-packages/firebase_admin/_token_gen.py", line 336, in verify
    header, payload = self._decode_unverified(token)
                      ^^^^^^^^^^^^^^^^^^^^^^^^^^^^^^
  File "/var/data/python/lib/python3.12/site-packages/firebase_admin/_token_gen.py", line 418, in _decode_unverified
    raise self._invalid_token_error(str(error), cause=error)
firebase_admin._auth_utils.InvalidIdTokenError: Wrong number of segments in token: b'test_token'
2025-03-12 00:10:31,890 - INFO - 127.0.0.1 - - [12/Mar/2025 00:10:31] "[31m[1mPOST /upload_healthcare_report HTTP/1.1[0m" 401 -
2025-03-12 00:12:41,862 - INFO - [31m[1mWARNING: This is a development server. Do not use it in a production deployment. Use a production WSGI server instead.[0m
 * Running on all addresses (0.0.0.0)
 * Running on http://127.0.0.1:5000
 * Running on http://192.168.1.5:5000
2025-03-12 00:12:41,862 - INFO - [33mPress CTRL+C to quit[0m
2025-03-12 00:12:41,864 - INFO -  * Restarting with stat
2025-03-12 00:12:43,492 - WARNING -  * Debugger is active!
2025-03-12 00:12:43,493 - INFO -  * Debugger PIN: 892-862-452
2025-03-12 00:12:57,631 - INFO - Received Authorization Header: None
2025-03-12 00:12:57,632 - INFO - 127.0.0.1 - - [12/Mar/2025 00:12:57] "[31m[1mPOST /upload_healthcare_report HTTP/1.1[0m" 401 -
2025-03-12 00:20:21,332 - INFO -  * Detected change in '/home/swamyaranjan/Documents/diet-analysis/app.py', reloading
2025-03-12 00:20:21,574 - INFO -  * Restarting with stat
2025-03-12 00:20:22,774 - WARNING -  * Debugger is active!
2025-03-12 00:20:22,775 - INFO -  * Debugger PIN: 310-694-075
2025-03-12 00:20:30,238 - INFO -  * Detected change in '/home/swamyaranjan/Documents/diet-analysis/app.py', reloading
2025-03-12 00:20:30,435 - INFO -  * Restarting with stat
2025-03-12 00:20:31,775 - WARNING -  * Debugger is active!
2025-03-12 00:20:31,776 - INFO -  * Debugger PIN: 594-495-560
2025-03-12 00:20:54,265 - INFO - [31m[1mWARNING: This is a development server. Do not use it in a production deployment. Use a production WSGI server instead.[0m
 * Running on all addresses (0.0.0.0)
 * Running on http://127.0.0.1:5000
 * Running on http://192.168.1.5:5000
2025-03-12 00:20:54,265 - INFO - [33mPress CTRL+C to quit[0m
2025-03-12 00:20:54,267 - INFO -  * Restarting with stat
2025-03-12 00:20:55,568 - WARNING -  * Debugger is active!
2025-03-12 00:20:55,569 - INFO -  * Debugger PIN: 120-962-680
2025-03-12 00:21:07,022 - INFO - 127.0.0.1 - - [12/Mar/2025 00:21:07] "GET /generate_test_token HTTP/1.1" 200 -
2025-03-12 00:22:34,594 - INFO - Received Authorization Header: Bearer eyJhbGciOiAiUlMyNTYiLCAidHlwIjogIkpXVCIsICJraWQiOiAiYjMwODE5Mzc3OGQ3ZDUzYTBkODk4YzAxOWVlYjg0ZjhhNzM2NjQ5YyJ9.eyJpc3MiOiAiZmlyZWJhc2UtYWRtaW5zZGstZmJzdmNAZGlldC1hbmFseXNpcy1laXQwaHguaWFtLmdzZXJ2aWNlYWNjb3VudC5jb20iLCAic3ViIjogImZpcmViYXNlLWFkbWluc2RrLWZic3ZjQGRpZXQtYW5hbHlzaXMtZWl0MGh4LmlhbS5nc2VydmljZWFjY291bnQuY29tIiwgImF1ZCI6ICJodHRwczovL2lkZW50aXR5dG9vbGtpdC5nb29nbGVhcGlzLmNvbS9nb29nbGUuaWRlbnRpdHkuaWRlbnRpdHl0b29sa2l0LnYxLklkZW50aXR5VG9vbGtpdCIsICJ1aWQiOiAidGVzdF91c2VyIiwgImlhdCI6IDE3NDE3MTkwNjcsICJleHAiOiAxNzQxNzIyNjY3fQ.emVhqOf6elIm1nUxq7O6lFA3pqjvO364R3cNr9CTdYXbp5kg-QNs64AMJ_tvfo8dELJss-upBJotFjOuxsZt4xKhGzWjRdeoBF88vYcjscWIs16JmtjgefqlPDftZDiEyO8Uqvmt4ILeOisUasGctxXBJ8Cd_LuLTEaABaTyc_WeMFkJuZ78eiEl1XeSbfOdN6GHJwC3Da6H77ysUNvdB3wqsWNsxxTESweVyNsg2MG-4GPPPnhylN1c_WQ916XKax4w3am4aA6QYKSsA6xPWmy-9wXG4SZLmL-8Azdv0G3dbPb0kiCbgn2d7eZhyX8etLu5CGp0jGPRZByN8bVWfg
2025-03-12 00:22:34,595 - ERROR - Token verification error: verify_id_token() expects an ID token, but was given a custom token.
Traceback (most recent call last):
  File "/home/swamyaranjan/Documents/diet-analysis/app.py", line 86, in decorated
    decoded_token = auth.verify_id_token(id_token)
                    ^^^^^^^^^^^^^^^^^^^^^^^^^^^^^^
  File "/var/data/python/lib/python3.12/site-packages/firebase_admin/auth.py", line 225, in verify_id_token
    return client.verify_id_token(
           ^^^^^^^^^^^^^^^^^^^^^^^
  File "/var/data/python/lib/python3.12/site-packages/firebase_admin/_auth_client.py", line 129, in verify_id_token
    verified_claims = self._token_verifier.verify_id_token(id_token, clock_skew_seconds)
                      ^^^^^^^^^^^^^^^^^^^^^^^^^^^^^^^^^^^^^^^^^^^^^^^^^^^^^^^^^^^^^^^^^^
  File "/var/data/python/lib/python3.12/site-packages/firebase_admin/_token_gen.py", line 293, in verify_id_token
    return self.id_token_verifier.verify(id_token, self.request, clock_skew_seconds)
           ^^^^^^^^^^^^^^^^^^^^^^^^^^^^^^^^^^^^^^^^^^^^^^^^^^^^^^^^^^^^^^^^^^^^^^^^^
  File "/var/data/python/lib/python3.12/site-packages/firebase_admin/_token_gen.py", line 391, in verify
    raise self._invalid_token_error(error_message)
firebase_admin._auth_utils.InvalidIdTokenError: verify_id_token() expects an ID token, but was given a custom token.
2025-03-12 00:22:34,597 - INFO - 127.0.0.1 - - [12/Mar/2025 00:22:34] "[31m[1mPOST /upload_healthcare_report HTTP/1.1[0m" 401 -
2025-03-12 00:29:04,599 - INFO - [31m[1mWARNING: This is a development server. Do not use it in a production deployment. Use a production WSGI server instead.[0m
 * Running on all addresses (0.0.0.0)
 * Running on http://127.0.0.1:5000
 * Running on http://192.168.1.5:5000
2025-03-12 00:29:04,599 - INFO - [33mPress CTRL+C to quit[0m
2025-03-12 00:29:04,600 - INFO -  * Restarting with stat
2025-03-12 00:29:05,730 - WARNING -  * Debugger is active!
2025-03-12 00:29:05,732 - INFO -  * Debugger PIN: 142-488-027
2025-03-12 00:29:16,644 - INFO - 127.0.0.1 - - [12/Mar/2025 00:29:16] "[33mGET /generate_test_token HTTP/1.1[0m" 404 -
2025-03-12 00:32:16,669 - INFO - [31m[1mWARNING: This is a development server. Do not use it in a production deployment. Use a production WSGI server instead.[0m
 * Running on all addresses (0.0.0.0)
 * Running on http://127.0.0.1:5000
 * Running on http://192.168.1.5:5000
2025-03-12 00:32:16,669 - INFO - [33mPress CTRL+C to quit[0m
2025-03-12 00:32:16,670 - INFO -  * Restarting with stat
2025-03-12 00:32:18,084 - WARNING -  * Debugger is active!
2025-03-12 00:32:18,085 - INFO -  * Debugger PIN: 968-416-926
2025-03-12 00:32:36,474 - INFO - 127.0.0.1 - - [12/Mar/2025 00:32:36] "GET /generate_test_token HTTP/1.1" 200 -
2025-03-12 00:33:36,357 - INFO - Received Authorization Header: Bearer eyJhbGciOiAiUlMyNTYiLCAidHlwIjogIkpXVCIsICJraWQiOiAiYjMwODE5Mzc3OGQ3ZDUzYTBkODk4YzAxOWVlYjg0ZjhhNzM2NjQ5YyJ9.eyJpc3MiOiAiZmlyZWJhc2UtYWRtaW5zZGstZmJzdmNAZGlldC1hbmFseXNpcy1laXQwaHguaWFtLmdzZXJ2aWNlYWNjb3VudC5jb20iLCAic3ViIjogImZpcmViYXNlLWFkbWluc2RrLWZic3ZjQGRpZXQtYW5hbHlzaXMtZWl0MGh4LmlhbS5nc2VydmljZWFjY291bnQuY29tIiwgImF1ZCI6ICJodHRwczovL2lkZW50aXR5dG9vbGtpdC5nb29nbGVhcGlzLmNvbS9nb29nbGUuaWRlbnRpdHkuaWRlbnRpdHl0b29sa2l0LnYxLklkZW50aXR5VG9vbGtpdCIsICJ1aWQiOiAidGVzdF91c2VyIiwgImlhdCI6IDE3NDE3MTk3NTYsICJleHAiOiAxNzQxNzIzMzU2fQ.duRnDDQXzfxhcUjjlwK8R1MbuWzessdrN1aBZQpqkXWo6x2PhgMyNpeXLb_J-LfmL2uAKdEHunf2yn3OIsaQ3O8ec0XtdIgP9rrIpPDuBmmd1Hy5MQkgMmUyNejcT1vHFbZl-BuSsm34ShPrn86OwBXh7iSoK2iCAojpVA9ojhmck44lCNKAroqqAUzeisfZxN41wqBx7hQM-O1rUII1uXjwRlcJVmwCg4SfkaxgbiUHS6OTqe7iItC-oGT1bqZWF0KiREhXMo38qxTRPQ9OiPsMl9ckQoR2iBhQoSDXiei5dFSmSVrUS_zbuxg3wGxrJAkrszHu9lnbBYs8v5RBQA
2025-03-12 00:33:36,357 - ERROR - Token verification error: uid must be a string between 1 and 128 characters.
Traceback (most recent call last):
  File "/home/swamyaranjan/Documents/diet-analysis/app.py", line 87, in decorated
    decoded_token = auth.verify_id_token(id_token)
                    ^^^^^^^^^^^^^^^^^^^^^^^^^^^^^^
  File "/var/data/python/lib/python3.12/site-packages/firebase_admin/auth.py", line 225, in verify_id_token
    return client.verify_id_token(
           ^^^^^^^^^^^^^^^^^^^^^^^
  File "/var/data/python/lib/python3.12/site-packages/firebase_admin/_auth_client.py", line 129, in verify_id_token
    verified_claims = self._token_verifier.verify_id_token(id_token, clock_skew_seconds)
                      ^^^^^^^^^^^^^^^^^^^^^^^^^^^^^^^^^^^^^^^^^^^^^^^^^^^^^^^^^^^^^^^^^^
  File "/var/data/python/lib/python3.12/site-packages/firebase_admin/_token_gen.py", line 293, in verify_id_token
    return self.id_token_verifier.verify(id_token, self.request, clock_skew_seconds)
           ^^^^^^^^^^^^^^^^^^^^^^^^^^^^^^^^^^^^^^^^^^^^^^^^^^^^^^^^^^^^^^^^^^^^^^^^^
  File "/var/data/python/lib/python3.12/site-packages/firebase_admin/_token_gen.py", line 391, in verify
    raise self._invalid_token_error(error_message)
firebase_admin._auth_utils.InvalidIdTokenError: verify_id_token() expects an ID token, but was given a custom token.

During handling of the above exception, another exception occurred:

Traceback (most recent call last):
  File "/home/swamyaranjan/Documents/diet-analysis/app.py", line 91, in decorated
    user = auth.create_custom_token(id_token)
           ^^^^^^^^^^^^^^^^^^^^^^^^^^^^^^^^^^
  File "/var/data/python/lib/python3.12/site-packages/firebase_admin/auth.py", line 195, in create_custom_token
    return client.create_custom_token(uid, developer_claims)
           ^^^^^^^^^^^^^^^^^^^^^^^^^^^^^^^^^^^^^^^^^^^^^^^^^
  File "/var/data/python/lib/python3.12/site-packages/firebase_admin/_auth_client.py", line 92, in create_custom_token
    return self._token_generator.create_custom_token(
           ^^^^^^^^^^^^^^^^^^^^^^^^^^^^^^^^^^^^^^^^^^
  File "/var/data/python/lib/python3.12/site-packages/firebase_admin/_token_gen.py", line 183, in create_custom_token
    raise ValueError('uid must be a string between 1 and 128 characters.')
ValueError: uid must be a string between 1 and 128 characters.
2025-03-12 00:33:36,361 - INFO - 127.0.0.1 - - [12/Mar/2025 00:33:36] "[31m[1mPOST /upload_healthcare_report HTTP/1.1[0m" 401 -
2025-03-12 00:35:40,842 - INFO -  * Detected change in '/home/swamyaranjan/Documents/diet-analysis/app.py', reloading
2025-03-12 00:35:41,075 - INFO -  * Restarting with stat
2025-03-12 00:35:42,339 - WARNING -  * Debugger is active!
2025-03-12 00:35:42,340 - INFO -  * Debugger PIN: 129-522-747
2025-03-12 09:03:00,183 - INFO - Firebase initialized successfully
2025-03-12 09:03:00,191 - INFO - Starting app on port 5000, debug mode: True
2025-03-12 09:03:00,272 - INFO - [31m[1mWARNING: This is a development server. Do not use it in a production deployment. Use a production WSGI server instead.[0m
 * Running on all addresses (0.0.0.0)
 * Running on http://127.0.0.1:5000
 * Running on http://192.168.1.5:5000
2025-03-12 09:03:00,273 - INFO - [33mPress CTRL+C to quit[0m
2025-03-12 09:03:00,275 - INFO -  * Restarting with stat
2025-03-12 09:03:01,540 - INFO - Firebase initialized successfully
2025-03-12 09:03:01,545 - INFO - Starting app on port 5000, debug mode: True
2025-03-12 09:03:01,572 - WARNING -  * Debugger is active!
2025-03-12 09:03:01,580 - INFO -  * Debugger PIN: 326-087-290
2025-03-12 09:03:14,299 - INFO - 127.0.0.1 - - [12/Mar/2025 09:03:14] "GET /health HTTP/1.1" 200 -
2025-03-12 09:03:36,526 - INFO - 127.0.0.1 - - [12/Mar/2025 09:03:36] "GET /generate_test_token HTTP/1.1" 200 -
2025-03-12 09:07:03,069 - INFO - Received request with auth header: True
2025-03-12 09:07:03,070 - ERROR - Token verification error: Illegal ID token provided: b''. ID token must be a non-empty string.
Traceback (most recent call last):
  File "/home/swamyaranjan/Documents/diet-analysis/app.py", line 85, in decorated
    decoded_token = auth.verify_id_token(id_token)
                    ^^^^^^^^^^^^^^^^^^^^^^^^^^^^^^
  File "/var/data/python/lib/python3.12/site-packages/firebase_admin/auth.py", line 225, in verify_id_token
    return client.verify_id_token(
           ^^^^^^^^^^^^^^^^^^^^^^^
  File "/var/data/python/lib/python3.12/site-packages/firebase_admin/_auth_client.py", line 129, in verify_id_token
    verified_claims = self._token_verifier.verify_id_token(id_token, clock_skew_seconds)
                      ^^^^^^^^^^^^^^^^^^^^^^^^^^^^^^^^^^^^^^^^^^^^^^^^^^^^^^^^^^^^^^^^^^
  File "/var/data/python/lib/python3.12/site-packages/firebase_admin/_token_gen.py", line 293, in verify_id_token
    return self.id_token_verifier.verify(id_token, self.request, clock_skew_seconds)
           ^^^^^^^^^^^^^^^^^^^^^^^^^^^^^^^^^^^^^^^^^^^^^^^^^^^^^^^^^^^^^^^^^^^^^^^^^
  File "/var/data/python/lib/python3.12/site-packages/firebase_admin/_token_gen.py", line 320, in verify
    raise ValueError(
ValueError: Illegal ID token provided: b''. ID token must be a non-empty string.
2025-03-12 09:07:03,079 - INFO - 127.0.0.1 - - [12/Mar/2025 09:07:03] "[31m[1mPOST /upload_healthcare_report HTTP/1.1[0m" 401 -
2025-03-12 09:24:28,450 - INFO - Firebase initialized successfully
2025-03-12 09:24:28,455 - INFO - Starting app on port 5000, debug mode: True
2025-03-12 09:24:28,482 - INFO - [31m[1mWARNING: This is a development server. Do not use it in a production deployment. Use a production WSGI server instead.[0m
 * Running on all addresses (0.0.0.0)
 * Running on http://127.0.0.1:5000
 * Running on http://192.168.1.5:5000
2025-03-12 09:24:28,482 - INFO - [33mPress CTRL+C to quit[0m
2025-03-12 09:24:28,483 - INFO -  * Restarting with stat
2025-03-12 09:24:29,699 - INFO - Firebase initialized successfully
2025-03-12 09:24:29,706 - INFO - Starting app on port 5000, debug mode: True
2025-03-12 09:24:29,726 - WARNING -  * Debugger is active!
2025-03-12 09:24:29,727 - INFO -  * Debugger PIN: 366-520-572
2025-03-12 09:24:44,258 - INFO - 127.0.0.1 - - [12/Mar/2025 09:24:44] "GET /health HTTP/1.1" 200 -
2025-03-12 09:24:51,857 - INFO - 127.0.0.1 - - [12/Mar/2025 09:24:51] "GET /generate_test_token HTTP/1.1" 200 -
2025-03-12 09:30:40,225 - INFO - Received request with auth header: True
2025-03-12 09:30:52,847 - INFO - Authenticated request for UID: test_user_123
2025-03-12 09:30:52,847 - INFO - Processing healthcare report upload for UID: test_user_123
2025-03-12 09:30:52,851 - INFO - 127.0.0.1 - - [12/Mar/2025 09:30:52] "[31m[1mPOST /upload_healthcare_report HTTP/1.1[0m" 400 -
2025-03-12 09:39:11,069 - INFO -  * Detected change in '/home/swamyaranjan/Documents/diet-analysis/app.py', reloading
2025-03-12 09:39:11,307 - INFO -  * Restarting with stat
2025-03-12 09:39:12,584 - INFO - Firebase initialized successfully
2025-03-12 09:39:12,590 - INFO - Starting app on port 5000, debug mode: True
2025-03-12 09:39:12,610 - WARNING -  * Debugger is active!
2025-03-12 09:39:12,612 - INFO -  * Debugger PIN: 567-832-237
2025-03-12 09:54:57,577 - INFO - 127.0.0.1 - - [12/Mar/2025 09:54:57] "GET /health HTTP/1.1" 200 -
2025-03-12 09:55:20,911 - INFO - 127.0.0.1 - - [12/Mar/2025 09:55:20] "GET /generate_test_token HTTP/1.1" 200 -
2025-03-12 10:01:53,489 - INFO - Received request with auth header: True
2025-03-12 10:01:53,490 - ERROR - Invalid ID token: eyJhbGciOiAiUlMyNTYi...
2025-03-12 10:01:53,490 - INFO - 127.0.0.1 - - [12/Mar/2025 10:01:53] "[31m[1mPOST /upload_healthcare_report HTTP/1.1[0m" 401 -
2025-03-12 10:06:06,435 - INFO - Received request with auth header: True
2025-03-12 10:06:06,435 - ERROR - Invalid ID token: eyJhbGciOiAiUlMyNTYi...
2025-03-12 10:06:06,436 - INFO - 127.0.0.1 - - [12/Mar/2025 10:06:06] "[31m[1mPOST /upload_healthcare_report HTTP/1.1[0m" 401 -
2025-03-12 10:12:14,229 - INFO - 127.0.0.1 - - [12/Mar/2025 10:12:14] "OPTIONS /upload_healthcare_report HTTP/1.1" 200 -
2025-03-12 10:12:14,235 - INFO - Received request with auth header: True
2025-03-12 10:12:14,236 - ERROR - Invalid ID token: {{getStoredFirebaseT...
2025-03-12 10:12:14,237 - INFO - 127.0.0.1 - - [12/Mar/2025 10:12:14] "[31m[1mPOST /upload_healthcare_report HTTP/1.1[0m" 401 -
2025-03-12 10:16:42,207 - INFO - 127.0.0.1 - - [12/Mar/2025 10:16:42] "OPTIONS /upload_healthcare_report HTTP/1.1" 200 -
2025-03-12 10:16:42,217 - INFO - Received request with auth header: True
2025-03-12 10:16:42,218 - ERROR - Invalid ID token: {{getStoredFirebaseT...
2025-03-12 10:16:42,219 - INFO - 127.0.0.1 - - [12/Mar/2025 10:16:42] "[31m[1mPOST /upload_healthcare_report HTTP/1.1[0m" 401 -
2025-03-12 10:17:33,637 - INFO - 127.0.0.1 - - [12/Mar/2025 10:17:33] "OPTIONS /upload_healthcare_report HTTP/1.1" 200 -
2025-03-12 10:17:33,642 - INFO - Received request with auth header: True
2025-03-12 10:17:33,643 - ERROR - Invalid ID token: {{getStoredFirebaseT...
2025-03-12 10:17:33,644 - INFO - 127.0.0.1 - - [12/Mar/2025 10:17:33] "[31m[1mPOST /upload_healthcare_report HTTP/1.1[0m" 401 -
2025-03-12 10:20:44,727 - INFO - 127.0.0.1 - - [12/Mar/2025 10:20:44] "GET /generate_test_token HTTP/1.1" 200 -
2025-03-12 10:22:47,956 - INFO - 127.0.0.1 - - [12/Mar/2025 10:22:47] "OPTIONS /upload_healthcare_report HTTP/1.1" 200 -
2025-03-12 10:22:47,963 - INFO - Received request with auth header: True
2025-03-12 10:22:47,965 - ERROR - Invalid ID token: eyJhbGciOiAiUlMyNTYi...
2025-03-12 10:22:47,967 - INFO - 127.0.0.1 - - [12/Mar/2025 10:22:47] "[31m[1mPOST /upload_healthcare_report HTTP/1.1[0m" 401 -
2025-03-12 10:43:24,924 - INFO - Firebase initialized successfully
2025-03-12 10:43:24,929 - INFO - Starting app on port 5000, debug mode: True
2025-03-12 10:43:24,960 - INFO - [31m[1mWARNING: This is a development server. Do not use it in a production deployment. Use a production WSGI server instead.[0m
 * Running on all addresses (0.0.0.0)
 * Running on http://127.0.0.1:5000
 * Running on http://192.168.1.5:5000
2025-03-12 10:43:24,961 - INFO - [33mPress CTRL+C to quit[0m
2025-03-12 10:43:24,962 - INFO -  * Restarting with stat
2025-03-12 10:43:26,241 - INFO - Firebase initialized successfully
2025-03-12 10:43:26,246 - INFO - Starting app on port 5000, debug mode: True
2025-03-12 10:43:26,267 - WARNING -  * Debugger is active!
2025-03-12 10:43:26,268 - INFO -  * Debugger PIN: 540-110-186
2025-03-12 10:44:00,632 - INFO - 127.0.0.1 - - [12/Mar/2025 10:44:00] "GET /health HTTP/1.1" 200 -
2025-03-12 10:44:08,806 - INFO - 127.0.0.1 - - [12/Mar/2025 10:44:08] "GET /generate_test_token HTTP/1.1" 200 -
2025-03-12 10:47:40,183 - INFO - 127.0.0.1 - - [12/Mar/2025 10:47:40] "GET /health HTTP/1.1" 200 -
2025-03-12 10:47:40,388 - INFO - 127.0.0.1 - - [12/Mar/2025 10:47:40] "[33mGET /favicon.ico HTTP/1.1[0m" 404 -
2025-03-12 11:00:33,144 - INFO - 127.0.0.1 - - [12/Mar/2025 11:00:33] "OPTIONS /upload_healthcare_report HTTP/1.1" 200 -
2025-03-12 11:00:33,158 - INFO - Received request with auth header: True
2025-03-12 11:00:33,159 - ERROR - Invalid ID token: eyJhbGciOiAiUlMyNTYi...
2025-03-12 11:00:33,161 - INFO - 127.0.0.1 - - [12/Mar/2025 11:00:33] "[31m[1mPOST /upload_healthcare_report HTTP/1.1[0m" 401 -
2025-03-12 11:04:13,994 - INFO - 127.0.0.1 - - [12/Mar/2025 11:04:13] "OPTIONS /upload_healthcare_report HTTP/1.1" 200 -
2025-03-12 11:04:14,007 - INFO - Received request with auth header: True
2025-03-12 11:04:14,007 - ERROR - Invalid ID token: {{fetchFirebaseToken...
2025-03-12 11:04:14,009 - INFO - 127.0.0.1 - - [12/Mar/2025 11:04:14] "[31m[1mPOST /upload_healthcare_report HTTP/1.1[0m" 401 -
2025-03-12 11:21:09,748 - INFO - Firebase initialized successfully
2025-03-12 11:21:09,759 - INFO - Starting app on port 5000, debug mode: True
2025-03-12 11:23:17,934 - INFO - Firebase initialized successfully
2025-03-12 11:23:17,949 - INFO - Starting app on port 5000, debug mode: True
2025-03-12 11:23:18,012 - INFO - [31m[1mWARNING: This is a development server. Do not use it in a production deployment. Use a production WSGI server instead.[0m
 * Running on all addresses (0.0.0.0)
 * Running on http://127.0.0.1:5000
 * Running on http://192.168.1.5:5000
2025-03-12 11:23:18,012 - INFO - [33mPress CTRL+C to quit[0m
2025-03-12 11:23:18,014 - INFO -  * Restarting with stat
2025-03-12 11:23:20,210 - INFO - Firebase initialized successfully
2025-03-12 11:23:20,220 - INFO - Starting app on port 5000, debug mode: True
2025-03-12 11:23:20,254 - WARNING -  * Debugger is active!
2025-03-12 11:23:20,256 - INFO -  * Debugger PIN: 105-039-514
2025-03-12 11:45:42,784 - INFO - 127.0.0.1 - - [12/Mar/2025 11:45:42] "OPTIONS /upload_healthcare_report HTTP/1.1" 200 -
2025-03-12 11:45:42,827 - INFO - Received request with auth header: True
2025-03-12 11:45:42,835 - ERROR - Invalid ID token: {{fetchFirebaseToken...
2025-03-12 11:45:42,839 - INFO - 127.0.0.1 - - [12/Mar/2025 11:45:42] "[31m[1mPOST /upload_healthcare_report HTTP/1.1[0m" 401 -
2025-03-13 11:51:10,881 - INFO - Firebase initialized successfully
2025-03-13 11:51:10,901 - INFO - Starting app on port 5000, debug mode: True
2025-03-13 11:51:11,052 - INFO - [31m[1mWARNING: This is a development server. Do not use it in a production deployment. Use a production WSGI server instead.[0m
 * Running on all addresses (0.0.0.0)
 * Running on http://127.0.0.1:5000
 * Running on http://192.168.1.5:5000
2025-03-13 11:51:11,053 - INFO - [33mPress CTRL+C to quit[0m
2025-03-13 11:51:11,063 - INFO -  * Restarting with stat
2025-03-13 11:51:13,501 - INFO - Firebase initialized successfully
2025-03-13 11:51:13,510 - INFO - Starting app on port 5000, debug mode: True
2025-03-13 11:51:13,554 - WARNING -  * Debugger is active!
2025-03-13 11:51:13,562 - INFO -  * Debugger PIN: 295-571-851
2025-03-13 11:54:40,151 - INFO - 127.0.0.1 - - [13/Mar/2025 11:54:40] "OPTIONS /upload_healthcare_report HTTP/1.1" 200 -
2025-03-13 11:54:40,190 - INFO - Received request with auth header: True
2025-03-13 11:54:52,764 - INFO - Authenticated request for UID: oFuyCO0tDvMxW9zyJ6PYo5TXmv32
2025-03-13 11:54:52,765 - INFO - Processing healthcare report upload for UID: oFuyCO0tDvMxW9zyJ6PYo5TXmv32
2025-03-13 11:54:52,768 - INFO - 127.0.0.1 - - [13/Mar/2025 11:54:52] "[31m[1mPOST /upload_healthcare_report HTTP/1.1[0m" 400 -
2025-03-13 11:56:13,062 - INFO - 127.0.0.1 - - [13/Mar/2025 11:56:13] "OPTIONS /upload_healthcare_report HTTP/1.1" 200 -
2025-03-13 11:56:13,073 - INFO - Received request with auth header: True
2025-03-13 11:56:13,077 - INFO - Authenticated request for UID: oFuyCO0tDvMxW9zyJ6PYo5TXmv32
2025-03-13 11:56:13,077 - INFO - Processing healthcare report upload for UID: oFuyCO0tDvMxW9zyJ6PYo5TXmv32
2025-03-13 11:56:13,078 - INFO - 127.0.0.1 - - [13/Mar/2025 11:56:13] "[31m[1mPOST /upload_healthcare_report HTTP/1.1[0m" 400 -
2025-03-13 14:25:08,124 - INFO - Firebase initialized successfully
2025-03-13 14:25:08,135 - INFO - Starting app on port 5000, debug mode: True
2025-03-13 14:25:08,258 - INFO - [31m[1mWARNING: This is a development server. Do not use it in a production deployment. Use a production WSGI server instead.[0m
 * Running on all addresses (0.0.0.0)
 * Running on http://127.0.0.1:5000
 * Running on http://192.168.1.3:5000
2025-03-13 14:25:08,258 - INFO - [33mPress CTRL+C to quit[0m
2025-03-13 14:25:08,262 - INFO -  * Restarting with stat
2025-03-13 14:25:10,052 - INFO - Firebase initialized successfully
2025-03-13 14:25:10,062 - INFO - Starting app on port 5000, debug mode: True
2025-03-13 14:25:10,095 - WARNING -  * Debugger is active!
2025-03-13 14:25:10,105 - INFO -  * Debugger PIN: 778-491-409
2025-03-13 14:30:50,934 - INFO - 127.0.0.1 - - [13/Mar/2025 14:30:50] "OPTIONS /upload_healthcare_report HTTP/1.1" 200 -
2025-03-13 14:30:50,955 - INFO - Received request with auth header: True
2025-03-13 14:31:03,398 - INFO - Authenticated request for UID: BheFB5wsnvVg30Il8h2rasYokpl1
2025-03-13 14:31:03,399 - INFO - Processing healthcare report upload for UID: BheFB5wsnvVg30Il8h2rasYokpl1
2025-03-13 14:31:03,400 - INFO - 127.0.0.1 - - [13/Mar/2025 14:31:03] "[31m[1mPOST /upload_healthcare_report HTTP/1.1[0m" 400 -
2025-03-14 14:38:34,632 - INFO - Firebase initialized successfully
2025-03-14 14:39:16,990 - INFO - Firebase initialized successfully
2025-03-14 14:40:42,713 - INFO - Firebase initialized successfully
2025-03-14 14:42:56,376 - INFO - Firebase initialized successfully
2025-03-14 14:46:32,692 - INFO - Firebase initialized successfully
2025-03-14 14:46:45,282 - INFO - Certificates refreshed. Next refresh in 17833 seconds.
2025-03-14 14:46:45,283 - INFO - Token verification initialized for project: diet-analysis-eit0hx
2025-03-14 14:46:45,284 - INFO - Token verification system initialized
2025-03-14 14:46:45,298 - INFO - Starting app on port 5000, debug mode: True
2025-03-14 14:46:45,462 - INFO - [31m[1mWARNING: This is a development server. Do not use it in a production deployment. Use a production WSGI server instead.[0m
 * Running on all addresses (0.0.0.0)
 * Running on http://127.0.0.1:5000
 * Running on http://192.168.1.4:5000
2025-03-14 14:46:45,462 - INFO - [33mPress CTRL+C to quit[0m
2025-03-14 14:46:45,468 - INFO -  * Restarting with stat
2025-03-14 14:46:47,318 - INFO - Firebase initialized successfully
2025-03-14 14:46:47,332 - ERROR - Error refreshing certificates: HTTPSConnectionPool(host='www.googleapis.com', port=443): Max retries exceeded with url: /robot/v1/metadata/x509/securetoken@system.gserviceaccount.com (Caused by NameResolutionError("<urllib3.connection.HTTPSConnection object at 0x7f4b6ba9b830>: Failed to resolve 'www.googleapis.com' ([Errno -3] Temporary failure in name resolution)"))
2025-03-14 14:50:55,914 - INFO - Firebase initialized successfully
2025-03-14 14:51:08,103 - INFO - Certificates refreshed. Next refresh in 17761 seconds.
2025-03-14 14:51:08,105 - INFO - Token verification initialized for project: diet-analysis-eit0hx
2025-03-14 14:51:08,105 - INFO - Token verification system initialized
2025-03-14 14:51:08,115 - INFO - Starting app on port 5000, debug mode: True
2025-03-14 14:51:08,174 - INFO - [31m[1mWARNING: This is a development server. Do not use it in a production deployment. Use a production WSGI server instead.[0m
 * Running on all addresses (0.0.0.0)
 * Running on http://127.0.0.1:5000
 * Running on http://192.168.1.4:5000
2025-03-14 14:51:08,175 - INFO - [33mPress CTRL+C to quit[0m
2025-03-14 14:51:08,177 - INFO -  * Restarting with stat
2025-03-14 14:51:10,752 - INFO - Firebase initialized successfully
2025-03-14 14:51:23,201 - INFO - Certificates refreshed. Next refresh in 18358 seconds.
2025-03-14 14:51:23,203 - INFO - Token verification initialized for project: diet-analysis-eit0hx
2025-03-14 14:51:23,203 - INFO - Token verification system initialized
2025-03-14 14:51:23,208 - INFO - Starting app on port 5000, debug mode: True
2025-03-14 14:51:23,244 - WARNING -  * Debugger is active!
2025-03-14 14:51:23,245 - INFO -  * Debugger PIN: 792-787-989
2025-03-14 14:51:59,241 - INFO - 127.0.0.1 - - [14/Mar/2025 14:51:59] "OPTIONS /upload_healthcare_report HTTP/1.1" 200 -
2025-03-14 14:51:59,262 - INFO - Received request with auth header: True
2025-03-14 14:51:59,263 - INFO - Token extracted: eyJhbGciOi...
2025-03-14 14:51:59,267 - INFO - Authenticated request for UID: S6GDNeg14saZZC7COpwBIVnrHpI3
2025-03-14 14:51:59,267 - INFO - Processing healthcare report upload for UID: S6GDNeg14saZZC7COpwBIVnrHpI3
2025-03-14 14:51:59,273 - INFO - Form data: []
2025-03-14 14:51:59,274 - INFO - Files: No files
2025-03-14 14:51:59,274 - INFO - Report file URL received: False
2025-03-14 14:51:59,276 - INFO - 127.0.0.1 - - [14/Mar/2025 14:51:59] "[31m[1mPOST /upload_healthcare_report HTTP/1.1[0m" 400 -
2025-03-14 14:57:23,656 - INFO - 127.0.0.1 - - [14/Mar/2025 14:57:23] "OPTIONS /upload_healthcare_report HTTP/1.1" 200 -
2025-03-14 14:57:23,675 - INFO - Received request with auth header: True
2025-03-14 14:57:23,677 - INFO - Token extracted: eyJhbGciOi...
2025-03-14 14:57:23,677 - INFO - Using cached token verification
2025-03-14 14:57:23,677 - INFO - Authenticated request for UID: S6GDNeg14saZZC7COpwBIVnrHpI3
2025-03-14 14:57:23,677 - INFO - Processing healthcare report upload for UID: S6GDNeg14saZZC7COpwBIVnrHpI3
2025-03-14 14:57:23,678 - INFO - Form data: []
2025-03-14 14:57:23,678 - INFO - Files: No files
2025-03-14 14:57:23,678 - INFO - Report file URL received: False
2025-03-14 14:57:23,682 - INFO - 127.0.0.1 - - [14/Mar/2025 14:57:23] "[31m[1mPOST /upload_healthcare_report HTTP/1.1[0m" 400 -
2025-03-14 14:57:53,951 - INFO - 127.0.0.1 - - [14/Mar/2025 14:57:53] "OPTIONS /upload_healthcare_report HTTP/1.1" 200 -
2025-03-14 14:57:53,993 - INFO - Received request with auth header: True
2025-03-14 14:57:53,994 - INFO - Token extracted: eyJhbGciOi...
2025-03-14 14:57:53,994 - INFO - Using cached token verification
2025-03-14 14:57:53,995 - INFO - Authenticated request for UID: S6GDNeg14saZZC7COpwBIVnrHpI3
2025-03-14 14:57:53,995 - INFO - Processing healthcare report upload for UID: S6GDNeg14saZZC7COpwBIVnrHpI3
2025-03-14 14:57:53,995 - INFO - Form data: []
2025-03-14 14:57:53,996 - INFO - Files: No files
2025-03-14 14:57:53,996 - INFO - Report file URL received: False
2025-03-14 14:57:53,997 - INFO - 127.0.0.1 - - [14/Mar/2025 14:57:53] "[31m[1mPOST /upload_healthcare_report HTTP/1.1[0m" 400 -
2025-03-15 09:56:41,683 - INFO - Firebase initialized successfully
2025-03-15 09:56:53,994 - INFO - Certificates refreshed. Next refresh in 20515 seconds.
2025-03-15 09:56:53,995 - INFO - Token verification initialized for project: diet-analysis-eit0hx
2025-03-15 09:56:53,995 - INFO - Token verification system initialized
2025-03-15 09:56:53,999 - INFO - Starting app on port 5000, debug mode: True
2025-03-15 09:56:54,050 - INFO - [31m[1mWARNING: This is a development server. Do not use it in a production deployment. Use a production WSGI server instead.[0m
 * Running on all addresses (0.0.0.0)
 * Running on http://127.0.0.1:5000
 * Running on http://192.168.1.4:5000
2025-03-15 09:56:54,052 - INFO - [33mPress CTRL+C to quit[0m
2025-03-15 09:56:54,056 - INFO -  * Restarting with stat
2025-03-15 09:56:55,854 - INFO - Firebase initialized successfully
2025-03-15 09:57:08,170 - INFO - Certificates refreshed. Next refresh in 17910 seconds.
2025-03-15 09:57:08,171 - INFO - Token verification initialized for project: diet-analysis-eit0hx
2025-03-15 09:57:08,172 - INFO - Token verification system initialized
2025-03-15 09:57:08,179 - INFO - Starting app on port 5000, debug mode: True
2025-03-15 09:57:08,216 - WARNING -  * Debugger is active!
2025-03-15 09:57:08,217 - INFO -  * Debugger PIN: 336-552-074
2025-03-15 10:01:47,337 - INFO - 127.0.0.1 - - [15/Mar/2025 10:01:47] "OPTIONS /upload_healthcare_report HTTP/1.1" 200 -
2025-03-15 10:01:47,366 - INFO - Received request with auth header: True
2025-03-15 10:01:47,368 - INFO - Token extracted: eyJhbGciOi...
2025-03-15 10:01:47,371 - INFO - Authenticated request for UID: sXjlB1OKrac98h6mPQrDX9cu1s72
2025-03-15 10:01:47,372 - INFO - Processing healthcare report upload for UID: sXjlB1OKrac98h6mPQrDX9cu1s72
2025-03-15 10:01:47,374 - INFO - Request content type: application/json
2025-03-15 10:01:47,376 - INFO - Request is JSON
2025-03-15 10:01:47,378 - INFO - Report file URL received: $[report_file]
2025-03-15 10:01:47,379 - INFO - Downloading file from URL for processing
2025-03-15 10:01:47,379 - ERROR - Value error: Insecure URL detected. Only HTTPS URLs are allowed.
2025-03-15 10:01:47,380 - INFO - 127.0.0.1 - - [15/Mar/2025 10:01:47] "[31m[1mPOST /upload_healthcare_report HTTP/1.1[0m" 400 -
2025-03-15 10:20:16,804 - INFO - 127.0.0.1 - - [15/Mar/2025 10:20:16] "OPTIONS /upload_healthcare_report HTTP/1.1" 200 -
2025-03-15 10:20:16,815 - INFO - Received request with auth header: True
2025-03-15 10:20:16,815 - INFO - Token extracted: eyJhbGciOi...
2025-03-15 10:20:16,816 - INFO - Using cached token verification
2025-03-15 10:20:16,816 - INFO - Authenticated request for UID: sXjlB1OKrac98h6mPQrDX9cu1s72
2025-03-15 10:20:16,816 - INFO - Processing healthcare report upload for UID: sXjlB1OKrac98h6mPQrDX9cu1s72
2025-03-15 10:20:16,816 - INFO - Request content type: application/json
2025-03-15 10:20:16,816 - INFO - Request is JSON
2025-03-15 10:20:16,817 - INFO - Report file URL received: $[report_file]
2025-03-15 10:20:16,817 - INFO - Downloading file from URL for processing
2025-03-15 10:20:16,820 - ERROR - Value error: Insecure URL detected. Only HTTPS URLs are allowed.
2025-03-15 10:20:16,822 - INFO - 127.0.0.1 - - [15/Mar/2025 10:20:16] "[31m[1mPOST /upload_healthcare_report HTTP/1.1[0m" 400 -
2025-03-15 10:22:24,512 - INFO - Firebase initialized successfully
2025-03-15 10:22:36,694 - INFO - Certificates refreshed. Next refresh in 18270 seconds.
2025-03-15 10:22:36,695 - INFO - Token verification initialized for project: diet-analysis-eit0hx
2025-03-15 10:22:36,696 - INFO - Token verification system initialized
2025-03-15 10:22:36,701 - INFO - Starting app on port 5000, debug mode: True
2025-03-15 10:22:36,741 - INFO - [31m[1mWARNING: This is a development server. Do not use it in a production deployment. Use a production WSGI server instead.[0m
 * Running on all addresses (0.0.0.0)
 * Running on http://127.0.0.1:5000
 * Running on http://192.168.1.4:5000
2025-03-15 10:22:36,741 - INFO - [33mPress CTRL+C to quit[0m
2025-03-15 10:22:36,744 - INFO -  * Restarting with stat
2025-03-15 10:22:38,775 - INFO - Firebase initialized successfully
2025-03-15 10:22:50,932 - INFO - Certificates refreshed. Next refresh in 17513 seconds.
2025-03-15 10:22:50,935 - INFO - Token verification initialized for project: diet-analysis-eit0hx
2025-03-15 10:22:50,936 - INFO - Token verification system initialized
2025-03-15 10:22:50,949 - INFO - Starting app on port 5000, debug mode: True
2025-03-15 10:22:51,015 - WARNING -  * Debugger is active!
2025-03-15 10:22:51,016 - INFO -  * Debugger PIN: 659-618-889
2025-03-15 10:25:21,714 - INFO - 127.0.0.1 - - [15/Mar/2025 10:25:21] "OPTIONS /upload_healthcare_report HTTP/1.1" 200 -
2025-03-15 10:25:21,720 - INFO - Received request with auth header: True
2025-03-15 10:25:21,720 - INFO - Token extracted: eyJhbGciOi...
2025-03-15 10:25:21,722 - INFO - Authenticated request for UID: 3OcWRYwpVIbY7VkUwpQfZXkbvti2
2025-03-15 10:25:21,722 - INFO - Processing healthcare report upload for UID: 3OcWRYwpVIbY7VkUwpQfZXkbvti2
2025-03-15 10:25:21,723 - INFO - Request content type: application/json
2025-03-15 10:25:21,723 - INFO - Request is JSON
2025-03-15 10:25:21,723 - INFO - Report file URL received: https://firebasestorage.googleapis.com/v0/b/diet-analysis-eit0hx.firebasestorage.app/o/users%2F3OcWRYwpVIbY7VkUwpQfZXkbvti2%2Fuploads%2F1742014507060000.png?alt=media&token=de56b9f3-4bc0-4d20-9174-3d9fdf5268e7
2025-03-15 10:25:21,723 - INFO - Downloading file from URL for processing
2025-03-15 10:25:34,552 - INFO - Extracting healthcare data from file
2025-03-15 10:25:34,552 - INFO - Processing healthcare report...
2025-03-15 10:25:34,553 - INFO - File saved temporarily at: /tmp/tmpgpplwtph.jpg
2025-03-15 10:25:34,553 - INFO - Uploading file to Gemini API: /tmp/tmpgpplwtph.jpg
2025-03-15 10:26:13,986 - INFO - Gemini API response received
2025-03-15 10:26:13,988 - INFO - Healthcare data extraction successful.
2025-03-15 10:26:13,988 - INFO - Deleted temp file: /tmp/tmpgpplwtph.jpg
2025-03-15 10:26:13,989 - INFO - Saving healthcare data to Firestore for UID: 3OcWRYwpVIbY7VkUwpQfZXkbvti2
2025-03-15 10:26:30,011 - INFO - 127.0.0.1 - - [15/Mar/2025 10:26:30] "POST /upload_healthcare_report HTTP/1.1" 200 -
2025-03-15 11:48:37,998 - INFO -  * Detected change in '/home/swamyaranjan/Documents/diet-analysis/app.py', reloading
2025-03-15 11:48:40,593 - INFO -  * Restarting with stat
2025-03-15 11:48:43,054 - INFO - Firebase initialized successfully
2025-03-15 11:48:55,577 - INFO - Certificates refreshed. Next refresh in 16249 seconds.
2025-03-15 11:48:55,579 - INFO - Token verification initialized for project: diet-analysis-eit0hx
2025-03-15 11:48:55,579 - INFO - Token verification system initialized
2025-03-15 11:48:55,586 - INFO - Starting app on port 5000, debug mode: True
2025-03-15 11:48:55,661 - WARNING -  * Debugger is active!
2025-03-15 11:48:55,667 - INFO -  * Debugger PIN: 642-687-890
2025-03-15 12:02:59,686 - INFO -  * Detected change in '/home/swamyaranjan/Documents/diet-analysis/app.py', reloading
2025-03-15 12:02:59,932 - INFO -  * Restarting with stat
2025-03-15 12:03:01,242 - INFO - Firebase initialized successfully
2025-03-15 12:03:13,807 - INFO - Certificates refreshed. Next refresh in 21832 seconds.
2025-03-15 12:03:13,808 - INFO - Token verification initialized for project: diet-analysis-eit0hx
2025-03-15 12:03:13,808 - INFO - Token verification system initialized
2025-03-15 12:03:13,814 - INFO - Starting app on port 5000, debug mode: True
2025-03-15 12:03:13,840 - WARNING -  * Debugger is active!
2025-03-15 12:03:13,841 - INFO -  * Debugger PIN: 655-085-812
2025-03-15 12:03:51,932 - INFO - Firebase initialized successfully
2025-03-15 12:04:04,703 - INFO - Certificates refreshed. Next refresh in 16980 seconds.
2025-03-15 12:04:04,704 - INFO - Token verification initialized for project: diet-analysis-eit0hx
2025-03-15 12:04:04,704 - INFO - Token verification system initialized
2025-03-15 12:04:04,708 - INFO - Starting app on port 5000, debug mode: True
2025-03-15 12:04:04,740 - INFO - [31m[1mWARNING: This is a development server. Do not use it in a production deployment. Use a production WSGI server instead.[0m
 * Running on all addresses (0.0.0.0)
 * Running on http://127.0.0.1:5000
 * Running on http://192.168.1.5:5000
2025-03-15 12:04:04,741 - INFO - [33mPress CTRL+C to quit[0m
2025-03-15 12:04:04,742 - INFO -  * Restarting with stat
2025-03-15 12:04:06,147 - INFO - Firebase initialized successfully
2025-03-15 12:04:21,699 - INFO - Certificates refreshed. Next refresh in 21573 seconds.
2025-03-15 12:04:21,699 - INFO - Token verification initialized for project: diet-analysis-eit0hx
2025-03-15 12:04:21,700 - INFO - Token verification system initialized
2025-03-15 12:04:21,706 - INFO - Starting app on port 5000, debug mode: True
2025-03-15 12:04:21,745 - WARNING -  * Debugger is active!
2025-03-15 12:04:21,747 - INFO -  * Debugger PIN: 138-405-379
2025-03-15 12:09:50,628 - INFO - 127.0.0.1 - - [15/Mar/2025 12:09:50] "OPTIONS /analyze HTTP/1.1" 200 -
2025-03-15 12:09:50,649 - INFO - Received request with auth header: True
2025-03-15 12:09:50,649 - INFO - Token extracted: eyJhbGciOi...
2025-03-15 12:09:50,653 - INFO - Authenticated request for UID: 3OcWRYwpVIbY7VkUwpQfZXkbvti2
2025-03-15 12:09:50,656 - INFO - Processing product analysis for UID: 3OcWRYwpVIbY7VkUwpQfZXkbvti2
2025-03-15 12:09:50,664 - INFO - Form data: []
2025-03-15 12:09:50,665 - INFO - Files: No files
2025-03-15 12:09:50,665 - INFO - Ingredient file URL received: False
2025-03-15 12:09:50,667 - INFO - 127.0.0.1 - - [15/Mar/2025 12:09:50] "[31m[1mPOST /analyze HTTP/1.1[0m" 400 -
2025-03-15 12:13:27,602 - INFO -  * Detected change in '/home/swamyaranjan/Documents/diet-analysis/app.py', reloading
2025-03-15 12:13:27,847 - INFO -  * Restarting with stat
2025-03-15 12:13:29,149 - INFO - Firebase initialized successfully
2025-03-15 12:13:43,693 - INFO - Firebase initialized successfully
2025-03-15 12:13:56,171 - INFO - Certificates refreshed. Next refresh in 19068 seconds.
2025-03-15 12:13:56,172 - INFO - Token verification initialized for project: diet-analysis-eit0hx
2025-03-15 12:13:56,172 - INFO - Token verification system initialized
2025-03-15 12:13:56,177 - INFO - Starting app on port 5000, debug mode: True
2025-03-15 12:13:56,209 - INFO - [31m[1mWARNING: This is a development server. Do not use it in a production deployment. Use a production WSGI server instead.[0m
 * Running on all addresses (0.0.0.0)
 * Running on http://127.0.0.1:5000
 * Running on http://192.168.1.5:5000
2025-03-15 12:13:56,210 - INFO - [33mPress CTRL+C to quit[0m
2025-03-15 12:13:56,211 - INFO -  * Restarting with stat
2025-03-15 12:13:57,525 - INFO - Firebase initialized successfully
2025-03-15 12:14:10,301 - INFO - Certificates refreshed. Next refresh in 16317 seconds.
2025-03-15 12:14:10,301 - INFO - Token verification initialized for project: diet-analysis-eit0hx
2025-03-15 12:14:10,301 - INFO - Token verification system initialized
2025-03-15 12:14:10,305 - INFO - Starting app on port 5000, debug mode: True
2025-03-15 12:14:10,325 - WARNING -  * Debugger is active!
2025-03-15 12:14:10,329 - INFO -  * Debugger PIN: 719-115-368
2025-03-15 12:14:34,338 - INFO - 127.0.0.1 - - [15/Mar/2025 12:14:34] "OPTIONS /analyze HTTP/1.1" 200 -
2025-03-15 12:14:34,378 - INFO - Received request with auth header: True
2025-03-15 12:14:34,379 - INFO - Token extracted: eyJhbGciOi...
2025-03-15 12:14:34,383 - INFO - Authenticated request for UID: 3OcWRYwpVIbY7VkUwpQfZXkbvti2
2025-03-15 12:14:34,384 - INFO - Processing product analysis for UID: 3OcWRYwpVIbY7VkUwpQfZXkbvti2
2025-03-15 12:14:34,385 - INFO - Request content type: application/json
2025-03-15 12:14:34,385 - INFO - Request data: b'{\n  "ingredient_file": "https://firebasestorage.googleapis.com/v0/b/diet-analysis-eit0hx.firebasestorage.app/o/users%2F3OcWRYwpVIbY7VkUwpQfZXkbvti2%2Fuploads%2F1742021064857000.jpeg?alt=media&token=0f28f989-e27f-4b64-baca-9caa6a6c917a"\n}'
2025-03-15 12:14:34,385 - INFO - Request is JSON
2025-03-15 12:14:34,386 - INFO - Ingredient file URL received: https://firebasestorage.googleapis.com/v0/b/diet-analysis-eit0hx.firebasestorage.app/o/users%2F3OcWRYwpVIbY7VkUwpQfZXkbvti2%2Fuploads%2F1742021064857000.jpeg?alt=media&token=0f28f989-e27f-4b64-baca-9caa6a6c917a
2025-03-15 12:14:47,994 - INFO - Downloading ingredient file from URL
2025-03-15 12:15:04,983 - INFO - Extracting ingredients from file
2025-03-15 12:15:04,984 - INFO - Processing ingredient image...
2025-03-15 12:15:04,985 - INFO - File saved temporarily at: /tmp/tmpj0y66uqa.jpg
2025-03-15 12:15:04,985 - INFO - Uploading file to Gemini API: /tmp/tmpj0y66uqa.jpg
2025-03-15 12:15:41,027 - INFO - Gemini API response received
2025-03-15 12:15:41,028 - INFO - Successfully extracted 23 ingredients.
2025-03-15 12:15:41,029 - INFO - Deleted temp file: /tmp/tmpj0y66uqa.jpg
2025-03-15 12:15:41,030 - INFO - Ingredients extracted: ['Chick Peas Flour', 'Edible Vegetable Oil', 'Ajwain', 'Cumin', 'Black Pepper', 'Clove', 'Salt', 'Red Chilli', 'Turmeric', 'Cardamom', 'Dry Ginger Powder', 'Nutmeg', 'Bay Leaves', 'Tree nuts', 'Peanut', 'Gluten', 'Sesame Seed', 'Pois Chiches Farine', 'Huile Végétale Comestible', 'Le Cumin', 'Le Poivre Noir', 'Clou De Girofle', 'Sel']
2025-03-15 12:15:41,030 - INFO - Processing analysis for 23 ingredients
2025-03-15 12:15:41,031 - INFO - Calling Gemini API (attempt 1/3)...
2025-03-15 12:15:48,400 - INFO - Analysis stored in main uploads collection with ID: aHMXMkX464BRYG6SZK2f
2025-03-15 12:15:48,485 - INFO - Analysis stored in user's uploads subcollection with ID: aHMXMkX464BRYG6SZK2f
2025-03-15 12:15:48,487 - INFO - 127.0.0.1 - - [15/Mar/2025 12:15:48] "POST /analyze HTTP/1.1" 200 -
2025-03-15 12:35:55,079 - INFO - Firebase initialized successfully
2025-03-15 12:36:07,587 - INFO - Certificates refreshed. Next refresh in 17747 seconds.
2025-03-15 12:36:07,590 - INFO - Token verification initialized for project: diet-analysis-eit0hx
2025-03-15 12:36:07,590 - INFO - Token verification system initialized
2025-03-15 12:36:07,598 - INFO - Starting app on port 5000, debug mode: True
2025-03-15 12:36:07,640 - INFO - [31m[1mWARNING: This is a development server. Do not use it in a production deployment. Use a production WSGI server instead.[0m
 * Running on all addresses (0.0.0.0)
 * Running on http://127.0.0.1:5000
 * Running on http://192.168.1.5:5000
2025-03-15 12:36:07,640 - INFO - [33mPress CTRL+C to quit[0m
2025-03-15 12:36:07,643 - INFO -  * Restarting with stat
2025-03-15 12:36:09,352 - INFO - Firebase initialized successfully
2025-03-15 12:36:22,023 - INFO - Certificates refreshed. Next refresh in 16392 seconds.
2025-03-15 12:36:22,023 - INFO - Token verification initialized for project: diet-analysis-eit0hx
2025-03-15 12:36:22,024 - INFO - Token verification system initialized
2025-03-15 12:36:22,027 - INFO - Starting app on port 5000, debug mode: True
2025-03-15 12:36:22,045 - WARNING -  * Debugger is active!
2025-03-15 12:36:22,046 - INFO -  * Debugger PIN: 393-137-433
2025-03-15 14:53:35,318 - INFO - 127.0.0.1 - - [15/Mar/2025 14:53:35] "OPTIONS /analyze HTTP/1.1" 200 -
2025-03-15 14:53:35,345 - INFO - Received request with auth header: True
2025-03-15 14:53:35,346 - INFO - Token extracted: eyJhbGciOi...
2025-03-15 14:53:35,348 - INFO - Authenticated request for UID: 3OcWRYwpVIbY7VkUwpQfZXkbvti2
2025-03-15 14:53:35,348 - INFO - Processing product analysis for UID: 3OcWRYwpVIbY7VkUwpQfZXkbvti2
2025-03-15 14:53:35,348 - INFO - Request content type: application/json
2025-03-15 14:53:35,349 - INFO - Request data: b'{\n  "ingredient_file": "https://firebasestorage.googleapis.com/v0/b/diet-analysis-eit0hx.firebasestorage.app/o/users%2F3OcWRYwpVIbY7VkUwpQfZXkbvti2%2Fuploads%2F1742020779000000.jpeg?alt=media&token=95db4308-7796-47d3-a790-e67d320cad01"\n}'
2025-03-15 14:53:35,349 - INFO - Request is JSON
2025-03-15 14:53:35,349 - INFO - Ingredient file URL received: https://firebasestorage.googleapis.com/v0/b/diet-analysis-eit0hx.firebasestorage.app/o/users%2F3OcWRYwpVIbY7VkUwpQfZXkbvti2%2Fuploads%2F1742020779000000.jpeg?alt=media&token=95db4308-7796-47d3-a790-e67d320cad01
2025-03-15 14:53:48,658 - INFO - Downloading ingredient file from URL
2025-03-15 14:54:01,371 - INFO - Extracting ingredients from file
2025-03-15 14:54:01,372 - INFO - Processing ingredient image...
2025-03-15 14:54:01,373 - INFO - File saved temporarily at: /tmp/tmp5bxufjgj.jpg
2025-03-15 14:54:01,373 - INFO - Uploading file to Gemini API: /tmp/tmp5bxufjgj.jpg
2025-03-15 14:54:31,568 - INFO - Gemini API response received
2025-03-15 14:54:31,569 - INFO - Successfully extracted 17 ingredients.
2025-03-15 14:54:31,569 - INFO - Deleted temp file: /tmp/tmp5bxufjgj.jpg
2025-03-15 14:54:31,569 - INFO - Ingredients extracted: ['chick peas flour', 'edible vegetable oil', 'ajwain', 'cumin', 'black pepper', 'clove', 'salt', 'red chilli', 'turmeric', 'cardamom', 'dry ginger powder', 'nutmeg', 'bay leaves', 'tree nuts', 'peanut', 'gluten', 'sesame seed']
2025-03-15 14:54:31,570 - INFO - Processing analysis for 17 ingredients
2025-03-15 14:54:31,570 - INFO - Calling Gemini API (attempt 1/3)...
2025-03-15 14:54:38,649 - INFO - Analysis stored in main uploads collection with ID: GvnxvU3PVYgHkEj5fI7W
2025-03-15 14:54:38,788 - INFO - Analysis stored in user's uploads subcollection with ID: GvnxvU3PVYgHkEj5fI7W
2025-03-15 14:54:38,789 - INFO - 127.0.0.1 - - [15/Mar/2025 14:54:38] "POST /analyze HTTP/1.1" 200 -
2025-03-15 18:14:34,504 - INFO - 127.0.0.1 - - [15/Mar/2025 18:14:34] "OPTIONS /upload_healthcare_report HTTP/1.1" 200 -
2025-03-15 18:14:34,561 - INFO - Received request with auth header: True
2025-03-15 18:14:34,562 - INFO - Token extracted: eyJhbGciOi...
2025-03-15 18:14:34,563 - INFO - Certificate refresh interval exceeded. Refreshing...
2025-03-15 18:14:46,822 - INFO - Certificates refreshed. Next refresh in 19923 seconds.
2025-03-15 18:14:46,888 - INFO - Authenticated request for UID: 3OcWRYwpVIbY7VkUwpQfZXkbvti2
2025-03-15 18:14:46,889 - INFO - Processing healthcare report upload for UID: 3OcWRYwpVIbY7VkUwpQfZXkbvti2
2025-03-15 18:14:46,889 - INFO - Request content type: application/json
2025-03-15 18:14:46,890 - INFO - Request is JSON
2025-03-15 18:14:46,891 - INFO - Report file URL received: https://firebasestorage.googleapis.com/v0/b/diet-analysis-eit0hx.firebasestorage.app/o/users%2F3OcWRYwpVIbY7VkUwpQfZXkbvti2%2Fuploads%2F1742020779000000.jpeg?alt=media&token=95db4308-7796-47d3-a790-e67d320cad01
2025-03-15 18:14:46,891 - INFO - Downloading file from URL for processing
2025-03-15 18:14:59,369 - INFO - Extracting healthcare data from file
2025-03-15 18:14:59,370 - INFO - Processing healthcare report...
2025-03-15 18:14:59,379 - INFO - File saved temporarily at: /tmp/tmp9jgwqwp6.jpg
2025-03-15 18:14:59,379 - INFO - Uploading file to Gemini API: /tmp/tmp9jgwqwp6.jpg
2025-03-15 18:15:37,909 - INFO - Gemini API response received
2025-03-15 18:15:37,911 - INFO - Healthcare data extraction successful.
2025-03-15 18:15:37,911 - INFO - Deleted temp file: /tmp/tmp9jgwqwp6.jpg
2025-03-15 18:15:37,911 - INFO - Saving healthcare data to Firestore for UID: 3OcWRYwpVIbY7VkUwpQfZXkbvti2
2025-03-15 18:15:51,865 - INFO - 127.0.0.1 - - [15/Mar/2025 18:15:51] "POST /upload_healthcare_report HTTP/1.1" 200 -
2025-03-15 18:18:55,101 - INFO - 127.0.0.1 - - [15/Mar/2025 18:18:55] "OPTIONS /analyze HTTP/1.1" 200 -
2025-03-15 18:18:55,111 - INFO - Received request with auth header: True
2025-03-15 18:18:55,111 - INFO - Token extracted: eyJhbGciOi...
2025-03-15 18:18:55,112 - INFO - Using cached token verification
2025-03-15 18:18:55,112 - INFO - Authenticated request for UID: 3OcWRYwpVIbY7VkUwpQfZXkbvti2
2025-03-15 18:18:55,113 - INFO - Processing product analysis for UID: 3OcWRYwpVIbY7VkUwpQfZXkbvti2
2025-03-15 18:18:55,113 - INFO - Request content type: application/json
2025-03-15 18:18:55,113 - INFO - Request data: b'{\n  "ingredient_file": "https://firebasestorage.googleapis.com/v0/b/diet-analysis-eit0hx.firebasestorage.app/o/users%2F3OcWRYwpVIbY7VkUwpQfZXkbvti2%2Fuploads%2F1742020779000000.jpeg?alt=media&token=95db4308-7796-47d3-a790-e67d320cad01"\n}'
2025-03-15 18:18:55,114 - INFO - Request is JSON
2025-03-15 18:18:55,115 - INFO - Ingredient file URL received: https://firebasestorage.googleapis.com/v0/b/diet-analysis-eit0hx.firebasestorage.app/o/users%2F3OcWRYwpVIbY7VkUwpQfZXkbvti2%2Fuploads%2F1742020779000000.jpeg?alt=media&token=95db4308-7796-47d3-a790-e67d320cad01
2025-03-15 18:18:55,573 - INFO - Downloading ingredient file from URL
2025-03-15 18:19:08,059 - INFO - Extracting ingredients from file
2025-03-15 18:19:08,060 - INFO - Processing ingredient image...
2025-03-15 18:19:08,061 - INFO - File saved temporarily at: /tmp/tmpfz7cu_so.jpg
2025-03-15 18:19:08,061 - INFO - Uploading file to Gemini API: /tmp/tmpfz7cu_so.jpg
2025-03-15 18:19:38,221 - INFO - Gemini API response received
2025-03-15 18:19:38,222 - INFO - Successfully extracted 23 ingredients.
2025-03-15 18:19:38,223 - INFO - Deleted temp file: /tmp/tmpfz7cu_so.jpg
2025-03-15 18:19:38,224 - INFO - Ingredients extracted: ['Chick Peas Flour', 'Edible Vegetable Oil', 'Ajwain', 'Cumin', 'Black Pepper', 'Clove', 'Salt', 'Red Chilli', 'Turmeric', 'Cardamom', 'Dry Ginger Powder', 'Nutmeg', 'Bay Leaves', 'Tree nuts', 'Peanut', 'Gluten', 'Sesame Seed', 'Pois Chiches Farine', 'Huile Végétale Comestible', 'Le Cumin', 'Le Poivre Noir', 'Clou De Girofle', 'Sel']
2025-03-15 18:19:38,228 - INFO - Processing analysis for 23 ingredients
2025-03-15 18:19:38,228 - INFO - Calling Gemini API (attempt 1/3)...
2025-03-15 18:19:45,413 - INFO - Analysis stored in main uploads collection with ID: CNOsFooPh0K8vS85YO5z
2025-03-15 18:19:45,473 - INFO - Analysis stored in user's uploads subcollection with ID: CNOsFooPh0K8vS85YO5z
2025-03-15 18:19:45,475 - INFO - 127.0.0.1 - - [15/Mar/2025 18:19:45] "POST /analyze HTTP/1.1" 200 -
2025-03-15 18:23:34,108 - INFO - 127.0.0.1 - - [15/Mar/2025 18:23:34] "OPTIONS /analyze HTTP/1.1" 200 -
2025-03-15 18:23:34,120 - INFO - Received request with auth header: True
2025-03-15 18:23:34,120 - INFO - Token extracted: eyJhbGciOi...
2025-03-15 18:23:34,121 - INFO - Using cached token verification
2025-03-15 18:23:34,121 - INFO - Authenticated request for UID: 3OcWRYwpVIbY7VkUwpQfZXkbvti2
2025-03-15 18:23:34,121 - INFO - Processing product analysis for UID: 3OcWRYwpVIbY7VkUwpQfZXkbvti2
2025-03-15 18:23:34,121 - INFO - Request content type: application/json
2025-03-15 18:23:34,122 - INFO - Request data: b'{\n  "ingredient_file": "https://firebasestorage.googleapis.com/v0/b/diet-analysis-eit0hx.firebasestorage.app/o/users%2F3OcWRYwpVIbY7VkUwpQfZXkbvti2%2Fuploads%2F1742020779000000.jpeg?alt=media&token=95db4308-7796-47d3-a790-e67d320cad01"\n}'
2025-03-15 18:23:34,122 - INFO - Request is JSON
2025-03-15 18:23:34,122 - INFO - Ingredient file URL received: https://firebasestorage.googleapis.com/v0/b/diet-analysis-eit0hx.firebasestorage.app/o/users%2F3OcWRYwpVIbY7VkUwpQfZXkbvti2%2Fuploads%2F1742020779000000.jpeg?alt=media&token=95db4308-7796-47d3-a790-e67d320cad01
2025-03-15 18:23:34,542 - INFO - Downloading ingredient file from URL
2025-03-15 18:23:47,150 - INFO - Extracting ingredients from file
2025-03-15 18:23:47,151 - INFO - Processing ingredient image...
2025-03-15 18:23:47,152 - INFO - File saved temporarily at: /tmp/tmpxclsp9sy.jpg
2025-03-15 18:23:47,154 - INFO - Uploading file to Gemini API: /tmp/tmpxclsp9sy.jpg
2025-03-15 18:24:18,694 - INFO - Gemini API response received
2025-03-15 18:24:18,698 - INFO - Successfully extracted 23 ingredients.
2025-03-15 18:24:18,701 - INFO - Deleted temp file: /tmp/tmpxclsp9sy.jpg
2025-03-15 18:24:18,702 - INFO - Ingredients extracted: ['Chick Peas Flour', 'Edible Vegetable Oil', 'Ajwain', 'Cumin', 'Black Pepper', 'Clove', 'Salt', 'Red Chilli', 'Turmeric', 'Cardamom', 'Dry Ginger Powder', 'Nutmeg', 'Bay Leaves', 'Tree nuts', 'Peanut', 'Gluten', 'Sesame Seed', 'Pois Chiches Farine', 'Huile Végétale Comestible', 'Le Cumin', 'Le Poivre Noir', 'Clou De Girofle', 'Sel']
2025-03-15 18:24:18,702 - INFO - Using cached analysis result for key 19134e4b...
2025-03-15 18:24:18,771 - INFO - Analysis stored in main uploads collection with ID: Iudt7agK39pwWcu3sv7Y
2025-03-15 18:24:18,829 - INFO - Analysis stored in user's uploads subcollection with ID: Iudt7agK39pwWcu3sv7Y
2025-03-15 18:24:18,833 - INFO - 127.0.0.1 - - [15/Mar/2025 18:24:18] "POST /analyze HTTP/1.1" 200 -
2025-03-15 18:38:16,193 - INFO - 127.0.0.1 - - [15/Mar/2025 18:38:16] "OPTIONS /analyze HTTP/1.1" 200 -
2025-03-15 18:38:16,234 - INFO - Received request with auth header: True
2025-03-15 18:38:16,236 - INFO - Token extracted: eyJhbGciOi...
2025-03-15 18:38:16,237 - INFO - Authenticated request for UID: 3OcWRYwpVIbY7VkUwpQfZXkbvti2
2025-03-15 18:38:16,243 - INFO - Processing product analysis for UID: 3OcWRYwpVIbY7VkUwpQfZXkbvti2
2025-03-15 18:38:16,244 - INFO - Request content type: application/json
2025-03-15 18:38:16,244 - INFO - Request data: b'{\n  "ingredient_file": "https://firebasestorage.googleapis.com/v0/b/diet-analysis-eit0hx.firebasestorage.app/o/users%2F3OcWRYwpVIbY7VkUwpQfZXkbvti2%2Fuploads%2F1742044088392000.jpeg?alt=media&token=d6c9155f-ae7d-4f97-9410-68b210ea5ab9"\n}'
2025-03-15 18:38:16,244 - INFO - Request is JSON
2025-03-15 18:38:16,245 - INFO - Ingredient file URL received: https://firebasestorage.googleapis.com/v0/b/diet-analysis-eit0hx.firebasestorage.app/o/users%2F3OcWRYwpVIbY7VkUwpQfZXkbvti2%2Fuploads%2F1742044088392000.jpeg?alt=media&token=d6c9155f-ae7d-4f97-9410-68b210ea5ab9
2025-03-15 18:38:16,683 - INFO - Downloading ingredient file from URL
2025-03-15 18:38:29,245 - INFO - Extracting ingredients from file
2025-03-15 18:38:29,247 - INFO - Processing ingredient image...
2025-03-15 18:38:29,250 - INFO - File saved temporarily at: /tmp/tmpcwt4fejv.jpg
2025-03-15 18:38:29,251 - INFO - Uploading file to Gemini API: /tmp/tmpcwt4fejv.jpg
2025-03-15 18:39:00,443 - INFO - Gemini API response received
2025-03-15 18:39:00,444 - INFO - Successfully extracted 24 ingredients.
2025-03-15 18:39:00,445 - INFO - Deleted temp file: /tmp/tmpcwt4fejv.jpg
2025-03-15 18:39:00,445 - INFO - Ingredients extracted: ['Chick Peas Flour', 'Edible Vegetable Oil', 'Ajwain', 'Cumin', 'Black Pepper', 'Clove', 'Salt', 'Red Chilli', 'Turmeric', 'Cardamom', 'Dry Ginger Powder', 'Nutmeg', 'Bay Leaves', 'Tree nuts', 'Peanut', 'Gluten', 'Sesame Seed', 'Pois Chiches Farine', 'Huile Végétale Comestible', 'Mwain', 'Le Cumin', 'Le Poivre Noir', 'Clou De Girofle', 'Sel']
2025-03-15 18:39:00,445 - INFO - Processing analysis for 24 ingredients
2025-03-15 18:39:00,446 - INFO - Calling Gemini API (attempt 1/3)...
2025-03-15 18:39:07,152 - INFO - Analysis stored in main uploads collection with ID: tnGrk0P55fkooyzgdljs
2025-03-15 18:39:07,212 - INFO - Analysis stored in user's uploads subcollection with ID: tnGrk0P55fkooyzgdljs
2025-03-15 18:39:07,214 - INFO - 127.0.0.1 - - [15/Mar/2025 18:39:07] "POST /analyze HTTP/1.1" 200 -
2025-03-15 20:08:00,474 - INFO - 127.0.0.1 - - [15/Mar/2025 20:08:00] "OPTIONS /analyze HTTP/1.1" 200 -
2025-03-15 20:08:00,509 - INFO - Received request with auth header: True
2025-03-15 20:08:00,511 - INFO - Token extracted: eyJhbGciOi...
2025-03-15 20:08:00,516 - INFO - Authenticated request for UID: 3OcWRYwpVIbY7VkUwpQfZXkbvti2
2025-03-15 20:08:00,516 - INFO - Processing product analysis for UID: 3OcWRYwpVIbY7VkUwpQfZXkbvti2
2025-03-15 20:08:00,517 - INFO - Request content type: application/json
2025-03-15 20:08:00,517 - INFO - Request data: b'{\n  "ingredient_file": "https://firebasestorage.googleapis.com/v0/b/diet-analysis-eit0hx.firebasestorage.app/o/users%2F3OcWRYwpVIbY7VkUwpQfZXkbvti2%2Fuploads%2F1742049468146000.jpeg?alt=media&token=3796721b-dae4-4b92-b71d-62eb321cc0bd"\n}'
2025-03-15 20:08:00,518 - INFO - Request is JSON
2025-03-15 20:08:00,518 - INFO - Ingredient file URL received: https://firebasestorage.googleapis.com/v0/b/diet-analysis-eit0hx.firebasestorage.app/o/users%2F3OcWRYwpVIbY7VkUwpQfZXkbvti2%2Fuploads%2F1742049468146000.jpeg?alt=media&token=3796721b-dae4-4b92-b71d-62eb321cc0bd
2025-03-15 20:08:13,210 - INFO - Downloading ingredient file from URL
2025-03-15 20:08:25,713 - INFO - Extracting ingredients from file
2025-03-15 20:08:25,714 - INFO - Processing ingredient image...
2025-03-15 20:08:25,714 - INFO - File saved temporarily at: /tmp/tmp9sn4z8q8.jpg
2025-03-15 20:08:25,714 - INFO - Uploading file to Gemini API: /tmp/tmp9sn4z8q8.jpg
2025-03-15 20:08:55,902 - INFO - Gemini API response received
2025-03-15 20:08:55,903 - INFO - Successfully extracted 23 ingredients.
2025-03-15 20:08:55,903 - INFO - Deleted temp file: /tmp/tmp9sn4z8q8.jpg
2025-03-15 20:08:55,904 - INFO - Ingredients extracted: ['Chick Peas Flour', 'Edible Vegetable Oil', 'Ajwain', 'Cumin', 'Black Pepper', 'Clove', 'Salt', 'Red Chilli', 'Turmeric', 'Cardamom', 'Dry Ginger Powder', 'Nutmeg', 'Bay Leaves', 'Tree nuts', 'Peanut', 'Gluten', 'Sesame Seed', 'Pois Chiches Farine', 'Huile Végétale Comestible', 'Le Cumin', 'Le Poivre Noir', 'Clou De Girofle', 'Sel']
2025-03-15 20:08:55,909 - INFO - Processing analysis for 23 ingredients
2025-03-15 20:08:55,918 - INFO - Calling Gemini API (attempt 1/3)...
2025-03-15 20:09:02,846 - INFO - Analysis stored in main uploads collection with ID: ZUzwyiv9u2QEeVr2O0Uo
2025-03-15 20:09:02,913 - INFO - Analysis stored in user's uploads subcollection with ID: ZUzwyiv9u2QEeVr2O0Uo
2025-03-15 20:09:02,925 - INFO - 127.0.0.1 - - [15/Mar/2025 20:09:02] "POST /analyze HTTP/1.1" 200 -
2025-03-16 02:58:03,258 - INFO - Firebase initialized successfully
2025-03-16 02:58:22,609 - INFO - Certificates refreshed. Next refresh in 17040 seconds.
2025-03-16 02:58:22,612 - INFO - Token verification initialized for project: diet-analysis-eit0hx
2025-03-16 02:58:22,612 - INFO - Token verification system initialized
2025-03-16 02:58:22,617 - INFO - Starting app on port 5000, debug mode: True
2025-03-16 02:58:22,725 - INFO - [31m[1mWARNING: This is a development server. Do not use it in a production deployment. Use a production WSGI server instead.[0m
 * Running on all addresses (0.0.0.0)
 * Running on http://127.0.0.1:5000
 * Running on http://192.168.1.5:5000
2025-03-16 02:58:22,725 - INFO - [33mPress CTRL+C to quit[0m
2025-03-16 02:58:22,727 - INFO -  * Restarting with stat
2025-03-16 02:58:24,471 - INFO - Firebase initialized successfully
2025-03-16 02:58:36,743 - INFO - Certificates refreshed. Next refresh in 20095 seconds.
2025-03-16 02:58:36,745 - INFO - Token verification initialized for project: diet-analysis-eit0hx
2025-03-16 02:58:36,746 - INFO - Token verification system initialized
2025-03-16 02:58:36,762 - INFO - Starting app on port 5000, debug mode: True
2025-03-16 02:58:36,818 - WARNING -  * Debugger is active!
2025-03-16 02:58:36,834 - INFO -  * Debugger PIN: 127-323-826
2025-03-16 03:00:24,878 - INFO - 127.0.0.1 - - [16/Mar/2025 03:00:24] "OPTIONS /analyze HTTP/1.1" 200 -
2025-03-16 03:00:24,887 - INFO - Received request with auth header: True
2025-03-16 03:00:24,888 - INFO - Token extracted: eyJhbGciOi...
2025-03-16 03:00:24,897 - INFO - Authenticated request for UID: 3OcWRYwpVIbY7VkUwpQfZXkbvti2
2025-03-16 03:00:24,898 - INFO - Processing product analysis for UID: 3OcWRYwpVIbY7VkUwpQfZXkbvti2
2025-03-16 03:00:24,898 - INFO - Request content type: application/json
2025-03-16 03:00:24,899 - INFO - Request data: b'{\n  "ingredient_file": "https://firebasestorage.googleapis.com/v0/b/diet-analysis-eit0hx.firebasestorage.app/o/users%2F3OcWRYwpVIbY7VkUwpQfZXkbvti2%2Fuploads%2F1742074216525000.jpeg?alt=media&token=f6da01ae-5751-4b4a-acca-fa9df7344fee"\n}'
2025-03-16 03:00:24,899 - INFO - Request is JSON
2025-03-16 03:00:24,899 - INFO - Ingredient file URL received: https://firebasestorage.googleapis.com/v0/b/diet-analysis-eit0hx.firebasestorage.app/o/users%2F3OcWRYwpVIbY7VkUwpQfZXkbvti2%2Fuploads%2F1742074216525000.jpeg?alt=media&token=f6da01ae-5751-4b4a-acca-fa9df7344fee
2025-03-16 03:00:38,328 - INFO - Downloading ingredient file from URL
2025-03-16 03:00:51,292 - INFO - Extracting ingredients from file
2025-03-16 03:00:51,293 - INFO - Processing ingredient image...
2025-03-16 03:00:51,295 - INFO - File saved temporarily at: /tmp/tmpt4f6imf5.jpg
2025-03-16 03:00:51,295 - INFO - Uploading file to Gemini API: /tmp/tmpt4f6imf5.jpg
2025-03-16 03:01:25,018 - INFO - Gemini API response received
2025-03-16 03:01:25,019 - INFO - Successfully extracted 24 ingredients.
2025-03-16 03:01:25,019 - INFO - Deleted temp file: /tmp/tmpt4f6imf5.jpg
2025-03-16 03:01:25,020 - INFO - Ingredients extracted: ['Chick Peas Flour', 'Edible Vegetable Oil', 'Ajwain', 'Cumin', 'Black Pepper', 'Clove', 'Salt', 'Red Chilli', 'Turmeric', 'Cardamom', 'Dry Ginger Powder', 'Nutmeg', 'Bay Leaves', 'Tree nuts', 'Peanut', 'Gluten', 'Sesame Seed', 'Pois Chiches Farine', 'Huile Végétale Comestible', 'Mwain', 'Le Cumin', 'Le Poivre Noir', 'Clou De Girofle', 'Sel']
2025-03-16 03:01:25,020 - INFO - Processing analysis for 24 ingredients
2025-03-16 03:01:25,021 - INFO - Calling Gemini API (attempt 1/3)...
2025-03-16 03:01:31,627 - INFO - Analysis stored in main uploads collection with ID: lzMP3t0a33d2Qs5ImG6g
2025-03-16 03:01:31,821 - INFO - Analysis stored in user's uploads subcollection with ID: lzMP3t0a33d2Qs5ImG6g
2025-03-16 03:01:31,824 - INFO - 127.0.0.1 - - [16/Mar/2025 03:01:31] "POST /analyze HTTP/1.1" 200 -
2025-03-16 03:40:42,853 - INFO - 127.0.0.1 - - [16/Mar/2025 03:40:42] "OPTIONS /analyze HTTP/1.1" 200 -
2025-03-16 03:40:42,859 - INFO - Received request with auth header: True
2025-03-16 03:40:42,859 - INFO - Token extracted: eyJhbGciOi...
2025-03-16 03:40:42,860 - INFO - Using cached token verification
2025-03-16 03:40:42,860 - INFO - Authenticated request for UID: 3OcWRYwpVIbY7VkUwpQfZXkbvti2
2025-03-16 03:40:42,860 - INFO - Processing product analysis for UID: 3OcWRYwpVIbY7VkUwpQfZXkbvti2
2025-03-16 03:40:42,860 - INFO - Request content type: application/json
2025-03-16 03:40:42,861 - INFO - Request data: b'{\n  "ingredient_file": "https://firebasestorage.googleapis.com/v0/b/diet-analysis-eit0hx.firebasestorage.app/o/users%2F3OcWRYwpVIbY7VkUwpQfZXkbvti2%2Fuploads%2F1742076633638000.jpeg?alt=media&token=c4a86686-aa3a-48df-a272-388a0e57760f"\n}'
2025-03-16 03:40:42,861 - INFO - Request is JSON
2025-03-16 03:40:42,862 - INFO - Ingredient file URL received: https://firebasestorage.googleapis.com/v0/b/diet-analysis-eit0hx.firebasestorage.app/o/users%2F3OcWRYwpVIbY7VkUwpQfZXkbvti2%2Fuploads%2F1742076633638000.jpeg?alt=media&token=c4a86686-aa3a-48df-a272-388a0e57760f
2025-03-16 03:40:43,320 - INFO - Downloading ingredient file from URL
2025-03-16 03:40:56,624 - INFO - Extracting ingredients from file
2025-03-16 03:40:56,625 - INFO - Processing ingredient image...
2025-03-16 03:40:56,626 - INFO - File saved temporarily at: /tmp/tmpcvywe58u.jpg
2025-03-16 03:40:56,626 - INFO - Uploading file to Gemini API: /tmp/tmpcvywe58u.jpg
2025-03-16 03:41:31,025 - INFO - Gemini API response received
2025-03-16 03:41:31,026 - INFO - Successfully extracted 23 ingredients.
2025-03-16 03:41:31,026 - INFO - Deleted temp file: /tmp/tmpcvywe58u.jpg
2025-03-16 03:41:31,027 - INFO - Ingredients extracted: ['Chick Peas Flour', 'Edible Vegetable Oil', 'Ajwain', 'Cumin', 'Black Pepper', 'Clove', 'Salt', 'Red Chilli', 'Turmeric', 'Cardamom', 'Dry Ginger Powder', 'Nutmeg', 'Bay Leaves', 'Tree nuts', 'Peanut', 'Gluten', 'Sesame Seed', 'Pois Chiches Farine', 'Huile Végétale Comestible', 'Le Cumin', 'Le Poivre Noir', 'Clou De Girofle', 'Sel']
2025-03-16 03:41:31,027 - INFO - Processing analysis for 23 ingredients
2025-03-16 03:41:31,028 - INFO - Calling Gemini API (attempt 1/3)...
2025-03-16 03:41:38,261 - INFO - Analysis stored in main uploads collection with ID: ZjREiny359hlzzxgMoqx
2025-03-16 03:41:38,319 - INFO - Analysis stored in user's uploads subcollection with ID: ZjREiny359hlzzxgMoqx
2025-03-16 03:41:38,320 - INFO - 127.0.0.1 - - [16/Mar/2025 03:41:38] "POST /analyze HTTP/1.1" 200 -
2025-03-16 03:42:37,196 - INFO - Firebase initialized successfully
2025-03-16 03:42:49,774 - INFO - Certificates refreshed. Next refresh in 18752 seconds.
2025-03-16 03:42:49,775 - INFO - Token verification initialized for project: diet-analysis-eit0hx
2025-03-16 03:42:49,775 - INFO - Token verification system initialized
2025-03-16 03:42:49,778 - INFO - Starting app on port 5000, debug mode: True
2025-03-16 03:42:49,804 - INFO - [31m[1mWARNING: This is a development server. Do not use it in a production deployment. Use a production WSGI server instead.[0m
 * Running on all addresses (0.0.0.0)
 * Running on http://127.0.0.1:5000
 * Running on http://192.168.1.5:5000
2025-03-16 03:42:49,804 - INFO - [33mPress CTRL+C to quit[0m
2025-03-16 03:42:49,806 - INFO -  * Restarting with stat
2025-03-16 03:42:51,170 - INFO - Firebase initialized successfully
2025-03-16 03:43:03,799 - INFO - Certificates refreshed. Next refresh in 18086 seconds.
2025-03-16 03:43:03,800 - INFO - Token verification initialized for project: diet-analysis-eit0hx
2025-03-16 03:43:03,800 - INFO - Token verification system initialized
2025-03-16 03:43:03,805 - INFO - Starting app on port 5000, debug mode: True
2025-03-16 03:43:03,830 - WARNING -  * Debugger is active!
2025-03-16 03:43:03,832 - INFO -  * Debugger PIN: 441-867-345
2025-03-16 03:43:51,490 - INFO - 127.0.0.1 - - [16/Mar/2025 03:43:51] "OPTIONS /analyze HTTP/1.1" 200 -
2025-03-16 03:43:51,587 - INFO - Received request with auth header: True
2025-03-16 03:43:51,588 - INFO - Token extracted: eyJhbGciOi...
2025-03-16 03:43:51,590 - INFO - Authenticated request for UID: 3OcWRYwpVIbY7VkUwpQfZXkbvti2
2025-03-16 03:43:51,591 - INFO - Processing product analysis for UID: 3OcWRYwpVIbY7VkUwpQfZXkbvti2
2025-03-16 03:43:51,591 - INFO - Request content type: application/json
2025-03-16 03:43:51,592 - INFO - Request data: b'{\n  "ingredient_file": "https://firebasestorage.googleapis.com/v0/b/diet-analysis-eit0hx.firebasestorage.app/o/users%2F3OcWRYwpVIbY7VkUwpQfZXkbvti2%2Fuploads%2F1742076819470000.jpeg?alt=media&token=50908b34-fb93-4bca-928f-0124ef975467"\n}'
2025-03-16 03:43:51,593 - INFO - Request is JSON
2025-03-16 03:43:51,594 - INFO - Ingredient file URL received: https://firebasestorage.googleapis.com/v0/b/diet-analysis-eit0hx.firebasestorage.app/o/users%2F3OcWRYwpVIbY7VkUwpQfZXkbvti2%2Fuploads%2F1742076819470000.jpeg?alt=media&token=50908b34-fb93-4bca-928f-0124ef975467
2025-03-16 03:44:05,040 - INFO - Downloading ingredient file from URL
2025-03-16 03:44:18,145 - INFO - Extracting ingredients from file
2025-03-16 03:44:18,146 - INFO - Processing ingredient image...
2025-03-16 03:44:18,146 - INFO - File saved temporarily at: /tmp/tmp0dh3c1k5.jpg
2025-03-16 03:44:18,147 - INFO - Uploading file to Gemini API: /tmp/tmp0dh3c1k5.jpg
2025-03-16 03:44:56,502 - INFO - Gemini API response received
2025-03-16 03:44:56,503 - INFO - Successfully extracted 23 ingredients.
2025-03-16 03:44:56,505 - INFO - Deleted temp file: /tmp/tmp0dh3c1k5.jpg
2025-03-16 03:44:56,506 - INFO - Ingredients extracted: ['Chick Peas Flour', 'Edible Vegetable Oil', 'Ajwain', 'Cumin', 'Black Pepper', 'Clove', 'Salt', 'Red Chilli', 'Turmeric', 'Cardamom', 'Dry Ginger Powder', 'Nutmeg', 'Bay Leaves', 'Tree nuts', 'Peanut', 'Gluten', 'Sesame Seed', 'Pois Chiches Farine', 'Huile Végétale Comestible', 'Le Cumin', 'Le Poivre Noir', 'Clou De Girofle', 'Sel']
2025-03-16 03:44:56,507 - INFO - Processing analysis for 23 ingredients
2025-03-16 03:44:56,508 - INFO - Calling Gemini API (attempt 1/3)...
2025-03-16 03:45:03,789 - INFO - Analysis stored in main uploads collection with ID: W2bJxu5GgTvoLLPPLKXx
2025-03-16 03:45:03,842 - INFO - Analysis stored in user's uploads subcollection with ID: W2bJxu5GgTvoLLPPLKXx
2025-03-16 03:45:03,844 - INFO - 127.0.0.1 - - [16/Mar/2025 03:45:03] "POST /analyze HTTP/1.1" 200 -
2025-03-16 04:00:31,019 - INFO - 127.0.0.1 - - [16/Mar/2025 04:00:31] "OPTIONS /analyze HTTP/1.1" 200 -
2025-03-16 04:00:31,038 - INFO - Received request with auth header: True
2025-03-16 04:00:31,040 - INFO - Token extracted: eyJhbGciOi...
2025-03-16 04:00:31,043 - INFO - Using cached token verification
2025-03-16 04:00:31,043 - INFO - Authenticated request for UID: 3OcWRYwpVIbY7VkUwpQfZXkbvti2
2025-03-16 04:00:31,044 - INFO - Processing product analysis for UID: 3OcWRYwpVIbY7VkUwpQfZXkbvti2
2025-03-16 04:00:31,046 - INFO - Request content type: application/json
2025-03-16 04:00:31,047 - INFO - Request data: b'{\n  "ingredient_file": "https://firebasestorage.googleapis.com/v0/b/diet-analysis-eit0hx.firebasestorage.app/o/users%2F3OcWRYwpVIbY7VkUwpQfZXkbvti2%2Fuploads%2F1742077821294000.jpeg?alt=media&token=82abdf51-fd1f-4bb2-8456-06a0ef08b616"\n}'
2025-03-16 04:00:31,047 - INFO - Request is JSON
2025-03-16 04:00:31,047 - INFO - Ingredient file URL received: https://firebasestorage.googleapis.com/v0/b/diet-analysis-eit0hx.firebasestorage.app/o/users%2F3OcWRYwpVIbY7VkUwpQfZXkbvti2%2Fuploads%2F1742077821294000.jpeg?alt=media&token=82abdf51-fd1f-4bb2-8456-06a0ef08b616
2025-03-16 04:00:31,674 - INFO - Downloading ingredient file from URL
2025-03-16 04:00:44,863 - INFO - Extracting ingredients from file
2025-03-16 04:00:44,864 - INFO - Processing ingredient image...
2025-03-16 04:00:44,865 - INFO - File saved temporarily at: /tmp/tmpt88svmpc.jpg
2025-03-16 04:00:44,865 - INFO - Uploading file to Gemini API: /tmp/tmpt88svmpc.jpg
2025-03-16 04:01:17,397 - INFO - Gemini API response received
2025-03-16 04:01:17,398 - INFO - Successfully extracted 23 ingredients.
2025-03-16 04:01:17,399 - INFO - Deleted temp file: /tmp/tmpt88svmpc.jpg
2025-03-16 04:01:17,399 - INFO - Ingredients extracted: ['Chick Peas Flour', 'Edible Vegetable Oil', 'Ajwain', 'Cumin', 'Black Pepper', 'Clove', 'Salt', 'Red Chilli', 'Turmeric', 'Cardamom', 'Dry Ginger Powder', 'Nutmeg', 'Bay Leaves', 'Tree nuts', 'Peanut', 'Gluten', 'Sesame Seed', 'Pois Chiches Farine', 'Huile Végétale Comestible', 'Le Cumin', 'Le Poivre Noir', 'Clou De Girofle', 'Sel']
2025-03-16 04:01:17,400 - INFO - Using cached analysis result for key 19134e4b...
2025-03-16 04:01:17,465 - INFO - Analysis stored in main uploads collection with ID: Tj0qF4CnJIfuLCOvV9YQ
2025-03-16 04:01:17,526 - INFO - Analysis stored in user's uploads subcollection with ID: Tj0qF4CnJIfuLCOvV9YQ
2025-03-16 04:01:17,529 - INFO - 127.0.0.1 - - [16/Mar/2025 04:01:17] "POST /analyze HTTP/1.1" 200 -
2025-03-16 04:13:12,349 - INFO - 127.0.0.1 - - [16/Mar/2025 04:13:12] "OPTIONS /analyze HTTP/1.1" 200 -
2025-03-16 04:13:12,355 - INFO - Received request with auth header: True
2025-03-16 04:13:12,355 - INFO - Token extracted: eyJhbGciOi...
2025-03-16 04:13:12,356 - INFO - Using cached token verification
2025-03-16 04:13:12,356 - INFO - Authenticated request for UID: 3OcWRYwpVIbY7VkUwpQfZXkbvti2
2025-03-16 04:13:12,356 - INFO - Processing product analysis for UID: 3OcWRYwpVIbY7VkUwpQfZXkbvti2
2025-03-16 04:13:12,356 - INFO - Request content type: application/json
2025-03-16 04:13:12,357 - INFO - Request data: b'{\n  "ingredient_file": "https://firebasestorage.googleapis.com/v0/b/diet-analysis-eit0hx.firebasestorage.app/o/users%2F3OcWRYwpVIbY7VkUwpQfZXkbvti2%2Fuploads%2F1742078581216000.jpeg?alt=media&token=b37c7f94-f4a0-4283-b600-4a0a77bdd65d"\n}'
2025-03-16 04:13:12,357 - INFO - Request is JSON
2025-03-16 04:13:12,357 - INFO - Ingredient file URL received: https://firebasestorage.googleapis.com/v0/b/diet-analysis-eit0hx.firebasestorage.app/o/users%2F3OcWRYwpVIbY7VkUwpQfZXkbvti2%2Fuploads%2F1742078581216000.jpeg?alt=media&token=b37c7f94-f4a0-4283-b600-4a0a77bdd65d
2025-03-16 04:13:13,016 - INFO - Downloading ingredient file from URL
2025-03-16 04:13:26,539 - INFO - Extracting ingredients from file
2025-03-16 04:13:26,539 - INFO - Processing ingredient image...
2025-03-16 04:13:26,540 - INFO - File saved temporarily at: /tmp/tmper7wx31q.jpg
2025-03-16 04:13:26,540 - INFO - Uploading file to Gemini API: /tmp/tmper7wx31q.jpg
2025-03-16 04:13:58,382 - INFO - Gemini API response received
2025-03-16 04:13:58,383 - INFO - Successfully extracted 23 ingredients.
2025-03-16 04:13:58,383 - INFO - Deleted temp file: /tmp/tmper7wx31q.jpg
2025-03-16 04:13:58,383 - INFO - Ingredients extracted: ['Chick Peas Flour', 'Edible Vegetable Oil', 'Ajwain', 'Cumin', 'Black Pepper', 'Clove', 'Salt', 'Red Chilli', 'Turmeric', 'Cardamom', 'Dry Ginger Powder', 'Nutmeg', 'Bay Leaves', 'Tree nuts', 'Peanut', 'Gluten', 'Sesame Seed', 'Pois Chiches Farine', 'Huile Végétale Comestible', 'Le Cumin', 'Le Poivre Noir', 'Clou De Girofle', 'Sel']
2025-03-16 04:13:58,384 - INFO - Using cached analysis result for key 19134e4b...
2025-03-16 04:13:58,484 - INFO - Analysis stored in main uploads collection with ID: 4mo4gf7TfjBTVHojxrxL
2025-03-16 04:13:58,586 - INFO - Analysis stored in user's uploads subcollection with ID: 4mo4gf7TfjBTVHojxrxL
2025-03-16 04:13:58,587 - INFO - 127.0.0.1 - - [16/Mar/2025 04:13:58] "POST /analyze HTTP/1.1" 200 -
2025-03-16 04:33:46,179 - INFO - 127.0.0.1 - - [16/Mar/2025 04:33:46] "OPTIONS /analyze HTTP/1.1" 200 -
2025-03-16 04:33:46,204 - INFO - Received request with auth header: True
2025-03-16 04:33:46,204 - INFO - Token extracted: eyJhbGciOi...
2025-03-16 04:33:46,204 - INFO - Using cached token verification
2025-03-16 04:33:46,204 - INFO - Authenticated request for UID: 3OcWRYwpVIbY7VkUwpQfZXkbvti2
2025-03-16 04:33:46,205 - INFO - Processing product analysis for UID: 3OcWRYwpVIbY7VkUwpQfZXkbvti2
2025-03-16 04:33:46,205 - INFO - Request content type: application/json
2025-03-16 04:33:46,210 - INFO - Request data: b'{\n  "ingredient_file": "https://firebasestorage.googleapis.com/v0/b/diet-analysis-eit0hx.firebasestorage.app/o/users%2F3OcWRYwpVIbY7VkUwpQfZXkbvti2%2Fuploads%2F1742079815463000.jpeg?alt=media&token=45c71914-70a7-453f-af9a-0e93b809b22c"\n}'
2025-03-16 04:33:46,211 - INFO - Request is JSON
2025-03-16 04:33:46,212 - INFO - Ingredient file URL received: https://firebasestorage.googleapis.com/v0/b/diet-analysis-eit0hx.firebasestorage.app/o/users%2F3OcWRYwpVIbY7VkUwpQfZXkbvti2%2Fuploads%2F1742079815463000.jpeg?alt=media&token=45c71914-70a7-453f-af9a-0e93b809b22c
2025-03-16 04:33:46,831 - INFO - Downloading ingredient file from URL
2025-03-16 04:33:59,956 - INFO - Extracting ingredients from file
2025-03-16 04:33:59,958 - INFO - Processing ingredient image...
2025-03-16 04:33:59,959 - INFO - File saved temporarily at: /tmp/tmpf6qsed1c.jpg
2025-03-16 04:33:59,960 - INFO - Uploading file to Gemini API: /tmp/tmpf6qsed1c.jpg
2025-03-16 04:34:32,414 - INFO - Gemini API response received
2025-03-16 04:34:32,416 - INFO - Successfully extracted 24 ingredients.
2025-03-16 04:34:32,416 - INFO - Deleted temp file: /tmp/tmpf6qsed1c.jpg
2025-03-16 04:34:32,416 - INFO - Ingredients extracted: ['Chick Peas Flour', 'Edible Vegetable Oil', 'Ajwain', 'Cumin', 'Black Pepper', 'Clove', 'Salt', 'Red Chilli', 'Turmeric', 'Cardamom', 'Dry Ginger Powder', 'Nutmeg', 'Bay Leaves', 'Tree nuts', 'Peanut', 'Gluten', 'Sesame Seed', 'Pois Chiches Farine', 'Huile Végétale Comestible', 'Mwain', 'Le Cumin', 'Le Poivre Noir', 'Clou De Girofle', 'Sel']
2025-03-16 04:34:32,417 - INFO - Processing analysis for 24 ingredients
2025-03-16 04:34:32,418 - INFO - Calling Gemini API (attempt 1/3)...
2025-03-16 04:34:39,204 - INFO - Analysis stored in main uploads collection with ID: LOnZH8nfGBYnzJT8BAU8
2025-03-16 04:34:39,260 - INFO - Analysis stored in user's uploads subcollection with ID: LOnZH8nfGBYnzJT8BAU8
2025-03-16 04:34:39,262 - INFO - 127.0.0.1 - - [16/Mar/2025 04:34:39] "POST /analyze HTTP/1.1" 200 -
2025-03-16 04:42:43,601 - INFO - 127.0.0.1 - - [16/Mar/2025 04:42:43] "OPTIONS /analyze HTTP/1.1" 200 -
2025-03-16 04:42:43,610 - INFO - Received request with auth header: True
2025-03-16 04:42:43,610 - INFO - Token extracted: eyJhbGciOi...
2025-03-16 04:42:43,613 - INFO - Authenticated request for UID: 3OcWRYwpVIbY7VkUwpQfZXkbvti2
2025-03-16 04:42:43,614 - INFO - Processing product analysis for UID: 3OcWRYwpVIbY7VkUwpQfZXkbvti2
2025-03-16 04:42:43,615 - INFO - Request content type: application/json
2025-03-16 04:42:43,617 - INFO - Request data: b'{\n  "ingredient_file": "https://firebasestorage.googleapis.com/v0/b/diet-analysis-eit0hx.firebasestorage.app/o/users%2F3OcWRYwpVIbY7VkUwpQfZXkbvti2%2Fuploads%2F1742080354643000.jpeg?alt=media&token=e0d1f359-fe06-4cee-a2a2-76e73ae1acac"\n}'
2025-03-16 04:42:43,618 - INFO - Request is JSON
2025-03-16 04:42:43,619 - INFO - Ingredient file URL received: https://firebasestorage.googleapis.com/v0/b/diet-analysis-eit0hx.firebasestorage.app/o/users%2F3OcWRYwpVIbY7VkUwpQfZXkbvti2%2Fuploads%2F1742080354643000.jpeg?alt=media&token=e0d1f359-fe06-4cee-a2a2-76e73ae1acac
2025-03-16 04:42:58,479 - INFO - Downloading ingredient file from URL
2025-03-16 04:43:12,185 - INFO - Extracting ingredients from file
2025-03-16 04:43:12,186 - INFO - Processing ingredient image...
2025-03-16 04:43:12,187 - INFO - File saved temporarily at: /tmp/tmpqynt8xah.jpg
2025-03-16 04:43:12,187 - INFO - Uploading file to Gemini API: /tmp/tmpqynt8xah.jpg
2025-03-16 04:43:49,686 - INFO - Gemini API response received
2025-03-16 04:43:49,686 - INFO - Successfully extracted 23 ingredients.
2025-03-16 04:43:49,687 - INFO - Deleted temp file: /tmp/tmpqynt8xah.jpg
2025-03-16 04:43:49,687 - INFO - Ingredients extracted: ['Chick Peas Flour', 'Edible Vegetable Oil', 'Ajwain', 'Cumin', 'Black Pepper', 'Clove', 'Salt', 'Red Chilli', 'Turmeric', 'Cardamom', 'Dry Ginger Powder', 'Nutmeg', 'Bay Leaves', 'Tree nuts', 'Peanut', 'Gluten', 'Sesame Seed', 'Pois Chiches Farine', 'Huile Végétale Comestible', 'Le Cumin', 'Le Poivre Noir', 'Clou De Girofle', 'Sel']
2025-03-16 04:43:49,690 - INFO - Using cached analysis result for key 19134e4b...
2025-03-16 04:43:49,750 - INFO - Analysis stored in main uploads collection with ID: sicwnM1DOoPa2r1OZHoU
2025-03-16 04:43:49,813 - INFO - Analysis stored in user's uploads subcollection with ID: sicwnM1DOoPa2r1OZHoU
2025-03-16 04:43:49,814 - INFO - 127.0.0.1 - - [16/Mar/2025 04:43:49] "POST /analyze HTTP/1.1" 200 -
2025-03-16 11:46:36,282 - INFO - Firebase initialized successfully
2025-03-16 11:46:48,467 - INFO - Certificates refreshed. Next refresh in 21404 seconds.
2025-03-16 11:46:48,470 - INFO - Token verification initialized for project: diet-analysis-eit0hx
2025-03-16 11:46:48,471 - INFO - Token verification system initialized
2025-03-16 11:46:48,487 - INFO - Starting app on port 5000, debug mode: True
2025-03-16 11:46:48,551 - INFO - [31m[1mWARNING: This is a development server. Do not use it in a production deployment. Use a production WSGI server instead.[0m
 * Running on all addresses (0.0.0.0)
 * Running on http://127.0.0.1:5000
 * Running on http://192.168.1.5:5000
2025-03-16 11:46:48,551 - INFO - [33mPress CTRL+C to quit[0m
2025-03-16 11:46:48,557 - INFO -  * Restarting with stat
2025-03-16 11:46:53,272 - INFO - Firebase initialized successfully
2025-03-16 11:47:05,571 - INFO - Certificates refreshed. Next refresh in 17472 seconds.
2025-03-16 11:47:05,574 - INFO - Token verification initialized for project: diet-analysis-eit0hx
2025-03-16 11:47:05,575 - INFO - Token verification system initialized
2025-03-16 11:47:05,592 - INFO - Starting app on port 5000, debug mode: True
2025-03-16 11:47:05,646 - WARNING -  * Debugger is active!
2025-03-16 11:47:05,658 - INFO -  * Debugger PIN: 121-647-904
2025-03-16 11:47:51,798 - INFO - 127.0.0.1 - - [16/Mar/2025 11:47:51] "OPTIONS /analyze HTTP/1.1" 200 -
2025-03-16 11:47:51,904 - INFO - Received request with auth header: True
2025-03-16 11:47:51,909 - INFO - Token extracted: eyJhbGciOi...
2025-03-16 11:47:51,918 - ERROR - JWT decode error: Signature has expired.
2025-03-16 11:47:51,922 - ERROR - Token validation error: Invalid token format or signature
2025-03-16 11:47:51,926 - INFO - 127.0.0.1 - - [16/Mar/2025 11:47:51] "[31m[1mPOST /analyze HTTP/1.1[0m" 401 -
2025-03-16 11:51:19,245 - INFO - 127.0.0.1 - - [16/Mar/2025 11:51:19] "OPTIONS /analyze HTTP/1.1" 200 -
2025-03-16 11:51:19,318 - INFO - Received request with auth header: True
2025-03-16 11:51:19,319 - INFO - Token extracted: eyJhbGciOi...
2025-03-16 11:51:19,335 - INFO - Authenticated request for UID: 3OcWRYwpVIbY7VkUwpQfZXkbvti2
2025-03-16 11:51:19,336 - INFO - Processing product analysis for UID: 3OcWRYwpVIbY7VkUwpQfZXkbvti2
2025-03-16 11:51:19,336 - INFO - Request content type: application/json
2025-03-16 11:51:19,342 - INFO - Request data: b'{\n  "ingredient_file": "https://firebasestorage.googleapis.com/v0/b/diet-analysis-eit0hx.firebasestorage.app/o/users%2F3OcWRYwpVIbY7VkUwpQfZXkbvti2%2Fuploads%2F1742014507060000.png?alt=media&token=de56b9f3-4bc0-4d20-9174-3d9fdf5268e7"\n}'
2025-03-16 11:51:19,345 - INFO - Request is JSON
2025-03-16 11:51:19,345 - INFO - Ingredient file URL received: https://firebasestorage.googleapis.com/v0/b/diet-analysis-eit0hx.firebasestorage.app/o/users%2F3OcWRYwpVIbY7VkUwpQfZXkbvti2%2Fuploads%2F1742014507060000.png?alt=media&token=de56b9f3-4bc0-4d20-9174-3d9fdf5268e7
2025-03-16 11:51:39,699 - INFO - Downloading ingredient file from URL
2025-03-16 11:51:52,356 - INFO - Extracting ingredients from file
2025-03-16 11:51:52,360 - INFO - Processing ingredient image...
2025-03-16 11:51:52,362 - INFO - File saved temporarily at: /tmp/tmp2uo3jys0.jpg
2025-03-16 11:51:52,363 - INFO - Uploading file to Gemini API: /tmp/tmp2uo3jys0.jpg
2025-03-16 11:52:28,163 - INFO - Gemini API response received
2025-03-16 11:52:28,165 - ERROR - Failed to parse JSON: This is not a food product label.  It is a blood test report.  There are no ingredients.
...
2025-03-16 11:52:28,165 - WARNING - Extracted data is not a valid ingredient list.
2025-03-16 11:52:28,171 - INFO - Deleted temp file: /tmp/tmp2uo3jys0.jpg
2025-03-16 11:52:28,171 - WARNING - No ingredients extracted from file
2025-03-16 11:52:28,172 - INFO - 127.0.0.1 - - [16/Mar/2025 11:52:28] "[31m[1mPOST /analyze HTTP/1.1[0m" 422 -
2025-03-16 11:53:31,694 - INFO - 127.0.0.1 - - [16/Mar/2025 11:53:31] "OPTIONS /analyze HTTP/1.1" 200 -
2025-03-16 11:53:31,742 - INFO - Received request with auth header: True
2025-03-16 11:53:31,743 - INFO - Token extracted: eyJhbGciOi...
2025-03-16 11:53:31,744 - INFO - Using cached token verification
2025-03-16 11:53:31,744 - INFO - Authenticated request for UID: 3OcWRYwpVIbY7VkUwpQfZXkbvti2
2025-03-16 11:53:31,744 - INFO - Processing product analysis for UID: 3OcWRYwpVIbY7VkUwpQfZXkbvti2
2025-03-16 11:53:31,744 - INFO - Request content type: application/json
2025-03-16 11:53:31,747 - INFO - Request data: b'{\n  "ingredient_file": "https://firebasestorage.googleapis.com/v0/b/diet-analysis-eit0hx.firebasestorage.app/o/users%2F3OcWRYwpVIbY7VkUwpQfZXkbvti2%2Fuploads%2F1742021064857000.jpeg?alt=media&token=0f28f989-e27f-4b64-baca-9caa6a6c917a"\n}'
2025-03-16 11:53:31,750 - INFO - Request is JSON
2025-03-16 11:53:31,751 - INFO - Ingredient file URL received: https://firebasestorage.googleapis.com/v0/b/diet-analysis-eit0hx.firebasestorage.app/o/users%2F3OcWRYwpVIbY7VkUwpQfZXkbvti2%2Fuploads%2F1742021064857000.jpeg?alt=media&token=0f28f989-e27f-4b64-baca-9caa6a6c917a
2025-03-16 11:53:32,010 - INFO - Downloading ingredient file from URL
2025-03-16 11:53:44,567 - INFO - Extracting ingredients from file
2025-03-16 11:53:44,570 - INFO - Processing ingredient image...
2025-03-16 11:53:44,573 - INFO - File saved temporarily at: /tmp/tmp9dkzospm.jpg
2025-03-16 11:53:44,576 - INFO - Uploading file to Gemini API: /tmp/tmp9dkzospm.jpg
2025-03-16 11:54:14,531 - INFO - Gemini API response received
2025-03-16 11:54:14,536 - INFO - Successfully extracted 24 ingredients.
2025-03-16 11:54:14,537 - INFO - Deleted temp file: /tmp/tmp9dkzospm.jpg
2025-03-16 11:54:14,538 - INFO - Ingredients extracted: ['Chick Peas Flour', 'Edible Vegetable Oil', 'Ajwain', 'Cumin', 'Black Pepper', 'Clove', 'Salt', 'Red Chilli', 'Turmeric', 'Cardamom', 'Dry Ginger Powder', 'Nutmeg', 'Bay Leaves', 'Tree nuts', 'Peanut', 'Gluten', 'Sesame Seed', 'Pois Chiches Farine', 'Huile Végétale Comestible', 'Mwain', 'Le Cumin', 'Le Poivre Noir', 'Clou De Girofle', 'Sel']
2025-03-16 11:54:14,543 - INFO - Processing analysis for 24 ingredients
2025-03-16 11:54:14,545 - INFO - Calling Gemini API (attempt 1/3)...
2025-03-16 11:54:21,625 - INFO - Analysis stored in main uploads collection with ID: OTsQBVwCXOFPNehrCsAc
2025-03-16 11:54:22,037 - INFO - Analysis stored in user's uploads subcollection with ID: OTsQBVwCXOFPNehrCsAc
2025-03-16 11:54:22,058 - INFO - 127.0.0.1 - - [16/Mar/2025 11:54:22] "POST /analyze HTTP/1.1" 200 -
2025-03-16 14:52:17,441 - INFO - Firebase initialized successfully
2025-03-16 14:52:17,784 - INFO - Certificates refreshed. Next refresh in 20805 seconds.
2025-03-16 14:52:17,785 - INFO - Token verification initialized for project: diet-analysis-eit0hx
2025-03-16 14:52:17,785 - INFO - Token verification system initialized
2025-03-16 14:52:17,788 - INFO - Starting app on port 5000, debug mode: True
2025-03-16 14:52:17,811 - INFO - [31m[1mWARNING: This is a development server. Do not use it in a production deployment. Use a production WSGI server instead.[0m
 * Running on all addresses (0.0.0.0)
 * Running on http://127.0.0.1:5000
 * Running on http://192.168.1.5:5000
2025-03-16 14:52:17,811 - INFO - [33mPress CTRL+C to quit[0m
2025-03-16 14:52:17,825 - INFO -  * Restarting with watchdog (inotify)
2025-03-16 14:52:19,479 - INFO - Firebase initialized successfully
2025-03-16 14:52:19,832 - INFO - Certificates refreshed. Next refresh in 18748 seconds.
2025-03-16 14:52:19,833 - INFO - Token verification initialized for project: diet-analysis-eit0hx
2025-03-16 14:52:19,833 - INFO - Token verification system initialized
2025-03-16 14:52:19,837 - INFO - Starting app on port 5000, debug mode: True
2025-03-16 14:52:19,861 - WARNING -  * Debugger is active!
2025-03-16 14:52:19,862 - INFO -  * Debugger PIN: 365-500-475
2025-03-16 15:06:13,658 - INFO -  * Detected change in '/home/swamyaranjan/Documents/diet-analysis/functions/main.py', reloading
2025-03-16 15:06:13,664 - INFO -  * Detected change in '/home/swamyaranjan/Documents/diet-analysis/functions/main.py', reloading
2025-03-16 15:06:14,386 - INFO -  * Restarting with watchdog (inotify)
2025-03-16 15:06:15,753 - INFO - Firebase initialized successfully
2025-03-16 15:06:16,026 - INFO - Certificates refreshed. Next refresh in 19658 seconds.
2025-03-16 15:06:16,027 - INFO - Token verification initialized for project: diet-analysis-eit0hx
2025-03-16 15:06:16,027 - INFO - Token verification system initialized
2025-03-16 15:06:16,032 - INFO - Starting app on port 5000, debug mode: True
2025-03-16 15:06:16,054 - WARNING -  * Debugger is active!
2025-03-16 15:06:16,055 - INFO -  * Debugger PIN: 101-062-826
2025-03-16 15:37:02,580 - INFO - Firebase initialized successfully
2025-03-16 15:37:03,955 - INFO - Certificates refreshed. Next refresh in 17982 seconds.
2025-03-16 15:37:03,957 - INFO - Token verification initialized for project: diet-analysis-eit0hx
2025-03-16 15:37:03,957 - INFO - Token verification system initialized
2025-03-16 15:37:03,961 - INFO - Starting app on port 5000, debug mode: True
2025-03-16 16:57:53,743 - INFO - Firebase initialized successfully
2025-03-16 16:57:54,085 - INFO - Certificates refreshed. Next refresh in 22519 seconds.
2025-03-16 16:57:54,087 - INFO - Token verification initialized for project: diet-analysis-eit0hx
2025-03-16 16:57:54,087 - INFO - Token verification system initialized
2025-03-16 16:57:54,093 - INFO - Starting app on port 5000, debug mode: True
2025-03-16 16:57:54,185 - INFO - [31m[1mWARNING: This is a development server. Do not use it in a production deployment. Use a production WSGI server instead.[0m
 * Running on all addresses (0.0.0.0)
 * Running on http://127.0.0.1:5000
 * Running on http://192.168.1.5:5000
2025-03-16 16:57:54,185 - INFO - [33mPress CTRL+C to quit[0m
2025-03-16 16:57:54,204 - INFO -  * Restarting with watchdog (inotify)
2025-03-16 16:57:55,449 - INFO - Firebase initialized successfully
2025-03-16 16:57:55,825 - INFO - Certificates refreshed. Next refresh in 22211 seconds.
2025-03-16 16:57:55,826 - INFO - Token verification initialized for project: diet-analysis-eit0hx
2025-03-16 16:57:55,827 - INFO - Token verification system initialized
2025-03-16 16:57:55,831 - INFO - Starting app on port 5000, debug mode: True
2025-03-16 16:57:55,857 - WARNING -  * Debugger is active!
2025-03-16 16:57:55,858 - INFO -  * Debugger PIN: 971-973-040
2025-03-16 17:11:57,447 - INFO - 127.0.0.1 - - [16/Mar/2025 17:11:57] "OPTIONS /analyze HTTP/1.1" 200 -
2025-03-16 17:11:57,460 - INFO - Received request with auth header: True
2025-03-16 17:11:57,461 - INFO - Token extracted: eyJhbGciOi...
2025-03-16 17:11:57,477 - INFO - Authenticated request for UID: 3OcWRYwpVIbY7VkUwpQfZXkbvti2
2025-03-16 17:11:57,480 - INFO - Processing product analysis for UID: 3OcWRYwpVIbY7VkUwpQfZXkbvti2
2025-03-16 17:11:57,480 - INFO - Request content type: application/json
2025-03-16 17:11:57,481 - INFO - Request data: b'{\n  "ingredient_file": "https://firebasestorage.googleapis.com/v0/b/diet-analysis-eit0hx.firebasestorage.app/o/users%2F3OcWRYwpVIbY7VkUwpQfZXkbvti2%2Fuploads%2F1742020779000000.jpeg?alt=media&token=95db4308-7796-47d3-a790-e67d320cad01"\n}'
2025-03-16 17:11:57,481 - INFO - Request is JSON
2025-03-16 17:11:57,481 - INFO - Ingredient file URL received: https://firebasestorage.googleapis.com/v0/b/diet-analysis-eit0hx.firebasestorage.app/o/users%2F3OcWRYwpVIbY7VkUwpQfZXkbvti2%2Fuploads%2F1742020779000000.jpeg?alt=media&token=95db4308-7796-47d3-a790-e67d320cad01
2025-03-16 17:12:12,074 - INFO - Downloading ingredient file from URL
2025-03-16 17:12:25,205 - INFO - Extracting ingredients from file
2025-03-16 17:12:25,206 - INFO - Processing ingredient image...
2025-03-16 17:12:25,207 - INFO - File saved temporarily at: /tmp/tmpjbafs75y.jpg
2025-03-16 17:12:25,208 - INFO - Uploading file to Gemini API: /tmp/tmpjbafs75y.jpg
2025-03-16 17:12:59,518 - INFO - Gemini API response received
2025-03-16 17:12:59,525 - INFO - Successfully extracted 23 ingredients.
2025-03-16 17:12:59,527 - INFO - Deleted temp file: /tmp/tmpjbafs75y.jpg
2025-03-16 17:12:59,529 - INFO - Ingredients extracted: ['Chick Peas Flour', 'Edible Vegetable Oil', 'Ajwain', 'Cumin', 'Black Pepper', 'Clove', 'Salt', 'Red Chilli', 'Turmeric', 'Cardamom', 'Dry Ginger Powder', 'Nutmeg', 'Bay Leaves', 'Tree nuts', 'Peanut', 'Gluten', 'Sesame Seed', 'Pois Chiches Farine', 'Huile Végétale Comestible', 'Le Cumin', 'Le Poivre Noir', 'Clou De Girofle', 'Sel']
2025-03-16 17:12:59,533 - INFO - Processing analysis for 23 ingredients
2025-03-16 17:12:59,533 - INFO - Calling Gemini API (attempt 1/3)...
2025-03-16 17:13:06,454 - INFO - Analysis stored in main uploads collection with ID: uH0l9chtT9TUriSbBQSX
2025-03-16 17:13:06,720 - INFO - Analysis stored in user's uploads subcollection with ID: uH0l9chtT9TUriSbBQSX
2025-03-16 17:13:06,722 - INFO - 127.0.0.1 - - [16/Mar/2025 17:13:06] "POST /analyze HTTP/1.1" 200 -
2025-03-16 18:26:41,144 - INFO - Firebase initialized successfully
2025-03-16 18:26:53,870 - INFO - Certificates refreshed. Next refresh in 20818 seconds.
2025-03-16 18:26:53,871 - INFO - Token verification initialized for project: diet-analysis-eit0hx
2025-03-16 18:26:53,871 - INFO - Token verification system initialized
2025-03-16 18:26:53,876 - INFO - Starting app on port 5000, debug mode: True
2025-03-16 18:26:53,910 - INFO - [31m[1mWARNING: This is a development server. Do not use it in a production deployment. Use a production WSGI server instead.[0m
 * Running on all addresses (0.0.0.0)
 * Running on http://127.0.0.1:5000
 * Running on http://192.168.1.2:5000
2025-03-16 18:26:53,910 - INFO - [33mPress CTRL+C to quit[0m
2025-03-16 18:26:53,926 - INFO -  * Restarting with watchdog (inotify)
2025-03-16 18:26:55,209 - INFO - Firebase initialized successfully
2025-03-16 18:27:11,445 - INFO - Certificates refreshed. Next refresh in 21824 seconds.
2025-03-16 18:27:11,449 - INFO - Token verification initialized for project: diet-analysis-eit0hx
2025-03-16 18:27:11,449 - INFO - Token verification system initialized
2025-03-16 18:27:11,457 - INFO - Starting app on port 5000, debug mode: True
2025-03-16 18:27:11,524 - WARNING -  * Debugger is active!
2025-03-16 18:27:11,525 - INFO -  * Debugger PIN: 802-268-887
